{
    "total_runtime": 3.2247350215911865,
    "num_documents": 1,
    "input_load_time": 0,
    "workflows": {
        "create_base_text_units": {
            "overall": 0.27532124519348145,
            "0_orderby": 0.016335725784301758,
            "1_zip": 0.003753185272216797,
            "2_aggregate_override": 0.01578211784362793,
            "3_chunk": 0.21386098861694336,
            "4_select": 0.004183769226074219,
            "5_unroll": 0.006999015808105469,
            "6_rename": 0.0006318092346191406,
            "7_genid": 0.0008039474487304688,
            "8_unzip": 0.0014710426330566406,
            "9_copy": 0.00036406517028808594,
            "10_filter": 0.01069498062133789
        },
        "create_base_extracted_entities": {
            "overall": 0.06636595726013184,
            "0_entity_extract": 0.060159921646118164,
            "1_merge_graphs": 0.005986928939819336
        },
        "create_summarized_entities": {
            "overall": 0.017361879348754883,
            "0_summarize_descriptions": 0.01715826988220215
        },
        "create_base_entity_graph": {
            "overall": 0.0275881290435791,
            "0_cluster_graph": 0.02631688117980957,
            "1_select": 0.0009279251098632812
        },
        "create_final_entities": {
            "overall": 0.10983514785766602,
            "0_unpack_graph": 0.004755973815917969,
            "1_rename": 0.0009329319000244141,
            "2_select": 0.0011420249938964844,
            "3_dedupe": 0.008941173553466797,
            "4_rename": 0.0010797977447509766,
            "5_filter": 0.005660057067871094,
            "6_text_split": 0.0015108585357666016,
            "7_drop": 0.0008399486541748047,
            "8_merge": 0.008184671401977539,
            "9_text_embed": 0.07180309295654297,
            "10_drop": 0.0007417201995849609,
            "11_filter": 0.003704071044921875
        },
        "create_final_nodes": {
            "overall": 0.057984113693237305,
            "0_layout_graph": 0.018543004989624023,
            "1_unpack_graph": 0.0039081573486328125,
            "2_unpack_graph": 0.003370046615600586,
            "3_drop": 0.0008578300476074219,
            "4_filter": 0.00508880615234375,
            "5_select": 0.0008409023284912109,
            "6_rename": 0.0005908012390136719,
            "7_convert": 0.008177995681762695,
            "8_join": 0.015218973159790039,
            "9_rename": 0.0009288787841796875
        },
        "create_final_communities": {
            "overall": 0.061594247817993164,
            "0_unpack_graph": 0.0023970603942871094,
            "1_unpack_graph": 0.0026810169219970703,
            "2_aggregate_override": 0.016913890838623047,
            "3_join": 0.01022791862487793,
            "4_join": 0.006741046905517578,
            "5_concat": 0.0006463527679443359,
            "6_filter": 0.00503993034362793,
            "7_aggregate_override": 0.0031538009643554688,
            "8_join": 0.005630970001220703,
            "9_filter": 0.00456690788269043,
            "10_fill": 0.00045490264892578125,
            "11_merge": 0.0016739368438720703,
            "12_copy": 0.0004658699035644531,
            "13_select": 0.0005810260772705078
        },
        "join_text_units_to_entity_ids": {
            "overall": 0.004704952239990234,
            "0_select": 0.0007429122924804688,
            "1_unroll": 0.0015690326690673828,
            "2_aggregate_override": 0.0021791458129882812
        },
        "create_final_relationships": {
            "overall": 0.021898984909057617,
            "0_unpack_graph": 0.00347900390625,
            "1_filter": 0.005082845687866211,
            "2_rename": 0.0006759166717529297,
            "3_filter": 0.0045549869537353516,
            "4_drop": 0.0007450580596923828,
            "5_compute_edge_combined_degree": 0.005459785461425781,
            "6_convert": 0.0008568763732910156,
            "7_convert": 0.0006480216979980469
        },
        "join_text_units_to_relationship_ids": {
            "overall": 0.009615898132324219,
            "0_select": 0.0013918876647949219,
            "1_unroll": 0.0030219554901123047,
            "2_aggregate_override": 0.0037717819213867188,
            "3_select": 0.0010399818420410156
        },
        "create_final_community_reports": {
            "overall": 0.06280398368835449,
            "0_prepare_community_reports_nodes": 0.002310037612915039,
            "1_prepare_community_reports_edges": 0.0021071434020996094,
            "2_restore_community_hierarchy": 0.004803895950317383,
            "3_prepare_community_reports": 0.039845943450927734,
            "4_create_community_reports": 0.012470006942749023,
            "5_window": 0.0008232593536376953
        },
        "create_final_text_units": {
            "overall": 0.02480292320251465,
            "0_select": 0.0007140636444091797,
            "1_rename": 0.00046896934509277344,
            "2_join": 0.005883216857910156,
            "3_join": 0.005619049072265625,
            "4_aggregate_override": 0.010779142379760742,
            "5_select": 0.0010471343994140625
        },
        "create_base_documents": {
            "overall": 0.03553605079650879,
            "0_unroll": 0.003378152847290039,
            "1_select": 0.0011148452758789062,
            "2_rename": 0.0009043216705322266,
            "3_join": 0.007876873016357422,
            "4_aggregate_override": 0.002618074417114258,
            "5_join": 0.016208887100219727,
            "6_rename": 0.0007770061492919922,
            "7_convert": 0.002191781997680664
        },
        "create_final_documents": {
            "overall": 0.0012440681457519531,
            "0_rename": 0.0009529590606689453
        }
    }
}