{
    "total_runtime": 3.602543830871582,
    "num_documents": 1,
    "input_load_time": 0,
    "workflows": {
        "create_base_text_units": {
            "overall": 0.25537586212158203,
            "0_orderby": 0.0009698867797851562,
            "1_zip": 0.001413106918334961,
            "2_aggregate_override": 0.004019975662231445,
            "3_chunk": 0.2357959747314453,
            "4_select": 0.0009660720825195312,
            "5_unroll": 0.0026187896728515625,
            "6_rename": 0.0006558895111083984,
            "7_genid": 0.0011551380157470703,
            "8_unzip": 0.001194000244140625,
            "9_copy": 0.0003578662872314453,
            "10_filter": 0.0058171749114990234
        },
        "create_base_extracted_entities": {
            "overall": 0.11070394515991211,
            "0_entity_extract": 0.09843897819519043,
            "1_merge_graphs": 0.011996984481811523
        },
        "create_summarized_entities": {
            "overall": 0.03992009162902832,
            "0_summarize_descriptions": 0.03941988945007324
        },
        "create_base_entity_graph": {
            "overall": 0.037225961685180664,
            "0_cluster_graph": 0.03599381446838379,
            "1_select": 0.0008969306945800781
        },
        "create_final_entities": {
            "overall": 0.16894102096557617,
            "0_unpack_graph": 0.01258707046508789,
            "1_rename": 0.0010981559753417969,
            "2_select": 0.0010859966278076172,
            "3_dedupe": 0.0014617443084716797,
            "4_rename": 0.0008368492126464844,
            "5_filter": 0.005491971969604492,
            "6_text_split": 0.002775907516479492,
            "7_drop": 0.0008978843688964844,
            "8_merge": 0.0229799747467041,
            "9_text_embed": 0.11397719383239746,
            "10_drop": 0.0007898807525634766,
            "11_filter": 0.004441738128662109
        },
        "create_final_nodes": {
            "overall": 0.08503580093383789,
            "0_layout_graph": 0.042283058166503906,
            "1_unpack_graph": 0.011359930038452148,
            "2_unpack_graph": 0.010373830795288086,
            "3_drop": 0.0009098052978515625,
            "4_filter": 0.004373073577880859,
            "5_select": 0.0007829666137695312,
            "6_rename": 0.00055694580078125,
            "7_join": 0.008002996444702148,
            "8_convert": 0.005061149597167969,
            "9_rename": 0.0008459091186523438
        },
        "create_final_communities": {
            "overall": 0.07999300956726074,
            "0_unpack_graph": 0.012183189392089844,
            "1_unpack_graph": 0.009936809539794922,
            "2_aggregate_override": 0.004586935043334961,
            "3_join": 0.00901174545288086,
            "4_join": 0.008761882781982422,
            "5_concat": 0.0007989406585693359,
            "6_filter": 0.012551069259643555,
            "7_aggregate_override": 0.004480123519897461,
            "8_join": 0.006781101226806641,
            "9_filter": 0.00562286376953125,
            "10_fill": 0.0005788803100585938,
            "11_merge": 0.002920866012573242,
            "12_copy": 0.0004961490631103516,
            "13_select": 0.0006577968597412109
        },
        "join_text_units_to_entity_ids": {
            "overall": 0.007636070251464844,
            "0_select": 0.0011470317840576172,
            "1_unroll": 0.0025320053100585938,
            "2_aggregate_override": 0.0034079551696777344
        },
        "create_final_relationships": {
            "overall": 0.031075000762939453,
            "0_unpack_graph": 0.011145830154418945,
            "1_filter": 0.00531005859375,
            "2_rename": 0.0008099079132080078,
            "3_filter": 0.005071878433227539,
            "4_drop": 0.0007510185241699219,
            "5_compute_edge_combined_degree": 0.005942106246948242,
            "6_convert": 0.0009350776672363281,
            "7_convert": 0.0006749629974365234
        },
        "join_text_units_to_relationship_ids": {
            "overall": 0.009703874588012695,
            "0_select": 0.0013051033020019531,
            "1_unroll": 0.0031218528747558594,
            "2_aggregate_override": 0.0038971900939941406,
            "3_select": 0.0010120868682861328
        },
        "create_final_community_reports": {
            "overall": 0.11264801025390625,
            "0_prepare_community_reports_nodes": 0.0043277740478515625,
            "1_prepare_community_reports_edges": 0.0028159618377685547,
            "2_restore_community_hierarchy": 0.006310224533081055,
            "3_prepare_community_reports": 0.07717204093933105,
            "4_create_community_reports": 0.020642995834350586,
            "5_window": 0.0008862018585205078
        },
        "create_final_text_units": {
            "overall": 0.017889976501464844,
            "0_select": 0.0007472038269042969,
            "1_rename": 0.0004851818084716797,
            "2_join": 0.00616908073425293,
            "3_join": 0.006324052810668945,
            "4_aggregate_override": 0.0031909942626953125,
            "5_select": 0.00067901611328125
        },
        "create_base_documents": {
            "overall": 0.026179790496826172,
            "0_unroll": 0.0022041797637939453,
            "1_select": 0.0007841587066650391,
            "2_rename": 0.0006988048553466797,
            "3_join": 0.008856773376464844,
            "4_aggregate_override": 0.0031921863555908203,
            "5_join": 0.007971763610839844,
            "6_rename": 0.0007982254028320312,
            "7_convert": 0.0013241767883300781
        },
        "create_final_documents": {
            "overall": 0.0011060237884521484,
            "0_rename": 0.0008471012115478516
        }
    }
}