{
    "total_runtime": 3.4564318656921387,
    "num_documents": 1,
    "input_load_time": 0,
    "workflows": {
        "create_base_text_units": {
            "overall": 0.23715901374816895,
            "0_orderby": 0.0015261173248291016,
            "1_zip": 0.0018110275268554688,
            "2_aggregate_override": 0.005114316940307617,
            "3_chunk": 0.21583008766174316,
            "4_select": 0.0009479522705078125,
            "5_unroll": 0.002119302749633789,
            "6_rename": 0.0005371570587158203,
            "7_genid": 0.001035928726196289,
            "8_unzip": 0.0011241436004638672,
            "9_copy": 0.00034689903259277344,
            "10_filter": 0.0061609745025634766
        },
        "create_base_extracted_entities": {
            "overall": 0.09740972518920898,
            "0_entity_extract": 0.08817791938781738,
            "1_merge_graphs": 0.008921146392822266
        },
        "create_summarized_entities": {
            "overall": 0.04410886764526367,
            "0_summarize_descriptions": 0.043830156326293945
        },
        "create_base_entity_graph": {
            "overall": 0.044732093811035156,
            "0_cluster_graph": 0.04341387748718262,
            "1_select": 0.000993967056274414
        },
        "create_final_entities": {
            "overall": 0.15248894691467285,
            "0_unpack_graph": 0.013465642929077148,
            "1_rename": 0.0008461475372314453,
            "2_select": 0.0009448528289794922,
            "3_dedupe": 0.0009851455688476562,
            "4_rename": 0.00063323974609375,
            "5_filter": 0.004937887191772461,
            "6_text_split": 0.0020678043365478516,
            "7_drop": 0.0007739067077636719,
            "8_merge": 0.019796133041381836,
            "9_text_embed": 0.10274577140808105,
            "10_drop": 0.0007328987121582031,
            "11_filter": 0.0040972232818603516
        },
        "create_final_nodes": {
            "overall": 0.06820917129516602,
            "0_layout_graph": 0.034989118576049805,
            "1_unpack_graph": 0.009268045425415039,
            "2_unpack_graph": 0.008308172225952148,
            "3_filter": 0.003982067108154297,
            "4_drop": 0.0006289482116699219,
            "5_select": 0.0006148815155029297,
            "6_rename": 0.00045299530029296875,
            "7_convert": 0.0019538402557373047,
            "8_join": 0.006896018981933594,
            "9_rename": 0.0006747245788574219
        },
        "create_final_communities": {
            "overall": 0.07224106788635254,
            "0_unpack_graph": 0.011214017868041992,
            "1_unpack_graph": 0.009253263473510742,
            "2_aggregate_override": 0.003801107406616211,
            "3_join": 0.008340835571289062,
            "4_join": 0.0077419281005859375,
            "5_concat": 0.0007350444793701172,
            "6_filter": 0.011216878890991211,
            "7_aggregate_override": 0.004157066345214844,
            "8_join": 0.006021022796630859,
            "9_filter": 0.0048601627349853516,
            "10_fill": 0.00047707557678222656,
            "11_merge": 0.0027010440826416016,
            "12_copy": 0.0004811286926269531,
            "13_select": 0.0006430149078369141
        },
        "join_text_units_to_entity_ids": {
            "overall": 0.006926298141479492,
            "0_select": 0.0010309219360351562,
            "1_unroll": 0.0024480819702148438,
            "2_aggregate_override": 0.0031630992889404297
        },
        "create_final_relationships": {
            "overall": 0.029011011123657227,
            "0_unpack_graph": 0.01054692268371582,
            "1_filter": 0.0050983428955078125,
            "2_rename": 0.000698089599609375,
            "3_filter": 0.004618406295776367,
            "4_drop": 0.0007250308990478516,
            "5_compute_edge_combined_degree": 0.005362987518310547,
            "6_convert": 0.0008680820465087891,
            "7_convert": 0.0006771087646484375
        },
        "join_text_units_to_relationship_ids": {
            "overall": 0.008696794509887695,
            "0_select": 0.0012288093566894531,
            "1_unroll": 0.002530813217163086,
            "2_aggregate_override": 0.0036537647247314453,
            "3_select": 0.0009391307830810547
        },
        "create_final_community_reports": {
            "overall": 0.0874021053314209,
            "0_prepare_community_reports_nodes": 0.0039010047912597656,
            "1_prepare_community_reports_edges": 0.0024449825286865234,
            "2_restore_community_hierarchy": 0.005068063735961914,
            "3_prepare_community_reports": 0.05931401252746582,
            "4_create_community_reports": 0.015451908111572266,
            "5_window": 0.0007822513580322266
        },
        "create_final_text_units": {
            "overall": 0.02179098129272461,
            "0_select": 0.0010459423065185547,
            "1_rename": 0.0007071495056152344,
            "2_join": 0.007855892181396484,
            "3_join": 0.007483005523681641,
            "4_aggregate_override": 0.0035190582275390625,
            "5_select": 0.0008177757263183594
        },
        "create_base_documents": {
            "overall": 0.02407383918762207,
            "0_unroll": 0.0029430389404296875,
            "1_select": 0.0009310245513916016,
            "2_rename": 0.0008978843688964844,
            "3_join": 0.007467985153198242,
            "4_aggregate_override": 0.002496957778930664,
            "5_join": 0.006977081298828125,
            "6_rename": 0.000701904296875,
            "7_convert": 0.0012509822845458984
        },
        "create_final_documents": {
            "overall": 0.0012271404266357422,
            "0_rename": 0.0009398460388183594
        }
    }
}