{
    "total_runtime": 101.68630123138428,
    "num_documents": 1,
    "input_load_time": 0,
    "workflows": {
        "create_base_text_units": {
            "overall": 0.4394040107727051,
            "0_orderby": 0.011154890060424805,
            "1_zip": 0.004409074783325195,
            "2_aggregate_override": 0.014407157897949219,
            "3_chunk": 0.35836005210876465,
            "4_select": 0.00681614875793457,
            "5_unroll": 0.012083053588867188,
            "6_rename": 0.0010581016540527344,
            "7_genid": 0.009309053421020508,
            "8_unzip": 0.0035238265991210938,
            "9_copy": 0.0008652210235595703,
            "10_filter": 0.016827821731567383
        },
        "create_base_extracted_entities": {
            "overall": 100.80888819694519,
            "0_entity_extract": 100.62051010131836,
            "1_merge_graphs": 0.1880497932434082
        }
    }
}