{
    "total_runtime": 3.7365448474884033,
    "num_documents": 1,
    "input_load_time": 0,
    "workflows": {
        "create_base_text_units": {
            "overall": 0.2818629741668701,
            "0_orderby": 0.008062124252319336,
            "1_zip": 0.0027611255645751953,
            "2_aggregate_override": 0.009244203567504883,
            "3_chunk": 0.22971200942993164,
            "4_select": 0.004364013671875,
            "5_unroll": 0.0099639892578125,
            "6_rename": 0.0006871223449707031,
            "7_genid": 0.0010821819305419922,
            "8_unzip": 0.002001047134399414,
            "9_copy": 0.0006892681121826172,
            "10_filter": 0.012874841690063477
        },
        "create_base_extracted_entities": {
            "overall": 0.09442710876464844,
            "0_entity_extract": 0.08365488052368164,
            "1_merge_graphs": 0.010077953338623047
        },
        "create_summarized_entities": {
            "overall": 0.038704872131347656,
            "0_summarize_descriptions": 0.03830599784851074
        },
        "create_base_entity_graph": {
            "overall": 0.0432591438293457,
            "0_cluster_graph": 0.042024850845336914,
            "1_select": 0.0009081363677978516
        },
        "create_final_entities": {
            "overall": 0.18027329444885254,
            "0_unpack_graph": 0.012541055679321289,
            "1_rename": 0.0008230209350585938,
            "2_select": 0.0009050369262695312,
            "3_dedupe": 0.007407188415527344,
            "4_rename": 0.0008809566497802734,
            "5_filter": 0.0065250396728515625,
            "6_text_split": 0.0022439956665039062,
            "7_drop": 0.0008230209350585938,
            "8_merge": 0.022760868072509766,
            "9_text_embed": 0.11808323860168457,
            "10_drop": 0.001249074935913086,
            "11_filter": 0.0055239200592041016
        },
        "create_final_nodes": {
            "overall": 0.09558987617492676,
            "0_layout_graph": 0.044280052185058594,
            "1_unpack_graph": 0.01141810417175293,
            "2_unpack_graph": 0.00983119010925293,
            "3_drop": 0.0008151531219482422,
            "4_filter": 0.004508256912231445,
            "5_select": 0.0014858245849609375,
            "6_rename": 0.0006458759307861328,
            "7_convert": 0.008124828338623047,
            "8_join": 0.013117074966430664,
            "9_rename": 0.0008180141448974609
        },
        "create_final_communities": {
            "overall": 0.08121705055236816,
            "0_unpack_graph": 0.008583307266235352,
            "1_unpack_graph": 0.0074520111083984375,
            "2_aggregate_override": 0.013695955276489258,
            "3_join": 0.00870203971862793,
            "4_join": 0.0076580047607421875,
            "5_concat": 0.0007941722869873047,
            "6_filter": 0.010667085647583008,
            "7_aggregate_override": 0.005010843276977539,
            "8_join": 0.008220195770263672,
            "9_filter": 0.005007028579711914,
            "10_fill": 0.0005657672882080078,
            "11_merge": 0.0030651092529296875,
            "12_copy": 0.0005717277526855469,
            "13_select": 0.0006997585296630859
        },
        "join_text_units_to_entity_ids": {
            "overall": 0.007256984710693359,
            "0_select": 0.0009891986846923828,
            "1_unroll": 0.002382040023803711,
            "2_aggregate_override": 0.0036132335662841797
        },
        "create_final_relationships": {
            "overall": 0.030681133270263672,
            "0_unpack_graph": 0.010087013244628906,
            "1_filter": 0.005305051803588867,
            "2_rename": 0.0006952285766601562,
            "3_filter": 0.005850076675415039,
            "4_drop": 0.0008080005645751953,
            "5_compute_edge_combined_degree": 0.005897998809814453,
            "6_convert": 0.0009610652923583984,
            "7_convert": 0.0006759166717529297
        },
        "join_text_units_to_relationship_ids": {
            "overall": 0.009842872619628906,
            "0_select": 0.001293182373046875,
            "1_unroll": 0.002866983413696289,
            "2_aggregate_override": 0.0042629241943359375,
            "3_select": 0.0010387897491455078
        },
        "create_final_community_reports": {
            "overall": 0.11263108253479004,
            "0_prepare_community_reports_nodes": 0.004573822021484375,
            "1_prepare_community_reports_edges": 0.002724170684814453,
            "2_restore_community_hierarchy": 0.005510807037353516,
            "3_prepare_community_reports": 0.07645297050476074,
            "4_create_community_reports": 0.02204275131225586,
            "5_window": 0.00084686279296875
        },
        "create_final_text_units": {
            "overall": 0.029726028442382812,
            "0_select": 0.001239776611328125,
            "1_rename": 0.0007610321044921875,
            "2_join": 0.008604288101196289,
            "3_join": 0.008268117904663086,
            "4_aggregate_override": 0.009567022323608398,
            "5_select": 0.000911712646484375
        },
        "create_base_documents": {
            "overall": 0.032434940338134766,
            "0_unroll": 0.003361940383911133,
            "1_select": 0.0010073184967041016,
            "2_rename": 0.0008080005645751953,
            "3_join": 0.0076410770416259766,
            "4_aggregate_override": 0.0025861263275146484,
            "5_join": 0.014581918716430664,
            "6_rename": 0.0007600784301757812,
            "7_convert": 0.0012669563293457031
        },
        "create_final_documents": {
            "overall": 0.0012819766998291016,
            "0_rename": 0.0009899139404296875
        }
    }
}