{
    "total_runtime": 5.750849962234497,
    "num_documents": 1,
    "input_load_time": 0,
    "workflows": {
        "create_base_text_units": {
            "overall": 0.2616391181945801,
            "0_orderby": 0.0008571147918701172,
            "1_zip": 0.0011010169982910156,
            "2_aggregate_override": 0.0032608509063720703,
            "3_chunk": 0.2384188175201416,
            "4_select": 0.0009810924530029297,
            "5_unroll": 0.0026092529296875,
            "6_rename": 0.0006651878356933594,
            "7_genid": 0.00109100341796875,
            "8_unzip": 0.0011768341064453125,
            "9_copy": 0.0003380775451660156,
            "10_filter": 0.010751008987426758
        },
        "create_base_extracted_entities": {
            "overall": 0.12171483039855957,
            "0_entity_extract": 0.10923004150390625,
            "1_merge_graphs": 0.012168169021606445
        },
        "create_summarized_entities": {
            "overall": 0.05357789993286133,
            "0_summarize_descriptions": 0.053299903869628906
        },
        "create_base_entity_graph": {
            "overall": 0.04962301254272461,
            "0_cluster_graph": 0.04767894744873047,
            "1_select": 0.0016589164733886719
        },
        "create_final_entities": {
            "overall": 0.2139742374420166,
            "0_unpack_graph": 0.014454841613769531,
            "1_rename": 0.0011031627655029297,
            "2_select": 0.001667022705078125,
            "3_dedupe": 0.0012271404266357422,
            "4_rename": 0.0006489753723144531,
            "5_filter": 0.005095958709716797,
            "6_text_split": 0.0031642913818359375,
            "7_drop": 0.0008471012115478516,
            "8_merge": 0.03189587593078613,
            "9_text_embed": 0.1481468677520752,
            "10_drop": 0.0008630752563476562,
            "11_filter": 0.004097938537597656
        },
        "create_final_nodes": {
            "overall": 0.10549187660217285,
            "0_layout_graph": 0.05517911911010742,
            "1_unpack_graph": 0.014589071273803711,
            "2_unpack_graph": 0.013111114501953125,
            "3_drop": 0.0008320808410644531,
            "4_filter": 0.004708766937255859,
            "5_select": 0.0007407665252685547,
            "6_rename": 0.0005092620849609375,
            "7_convert": 0.0051212310791015625,
            "8_join": 0.009464025497436523,
            "9_rename": 0.0007860660552978516
        },
        "create_final_communities": {
            "overall": 0.08464574813842773,
            "0_unpack_graph": 0.014897823333740234,
            "1_unpack_graph": 0.012778997421264648,
            "2_aggregate_override": 0.003945112228393555,
            "3_join": 0.009309053421020508,
            "4_join": 0.008635997772216797,
            "5_concat": 0.0008041858673095703,
            "6_filter": 0.011822938919067383,
            "7_aggregate_override": 0.004601716995239258,
            "8_join": 0.007018089294433594,
            "9_filter": 0.005566835403442383,
            "10_fill": 0.0005371570587158203,
            "11_merge": 0.0027909278869628906,
            "12_copy": 0.0005979537963867188,
            "13_select": 0.0007092952728271484
        },
        "join_text_units_to_entity_ids": {
            "overall": 0.006741762161254883,
            "0_select": 0.0009169578552246094,
            "1_unroll": 0.002277851104736328,
            "2_aggregate_override": 0.003287076950073242
        },
        "create_final_relationships": {
            "overall": 0.03362417221069336,
            "0_unpack_graph": 0.012840986251831055,
            "1_filter": 0.005811929702758789,
            "2_rename": 0.0007300376892089844,
            "3_filter": 0.005243062973022461,
            "4_drop": 0.0008180141448974609,
            "5_compute_edge_combined_degree": 0.005893230438232422,
            "6_convert": 0.0011448860168457031,
            "7_convert": 0.0007178783416748047
        },
        "join_text_units_to_relationship_ids": {
            "overall": 0.008218050003051758,
            "0_select": 0.0010368824005126953,
            "1_unroll": 0.0022232532501220703,
            "2_aggregate_override": 0.0037407875061035156,
            "3_select": 0.0009098052978515625
        },
        "create_final_community_reports": {
            "overall": 2.092076063156128,
            "0_prepare_community_reports_nodes": 0.005070209503173828,
            "1_prepare_community_reports_edges": 0.003268003463745117,
            "2_restore_community_hierarchy": 0.005206108093261719,
            "3_prepare_community_reports": 0.07352709770202637,
            "4_create_community_reports": 2.003499984741211,
            "5_window": 0.0010137557983398438
        },
        "create_final_text_units": {
            "overall": 0.0235750675201416,
            "0_select": 0.0010561943054199219,
            "1_rename": 0.0006611347198486328,
            "2_join": 0.008260011672973633,
            "3_join": 0.008379936218261719,
            "4_aggregate_override": 0.0038149356842041016,
            "5_select": 0.0010251998901367188
        },
        "create_base_documents": {
            "overall": 0.02710127830505371,
            "0_unroll": 0.003468751907348633,
            "1_select": 0.0012559890747070312,
            "2_rename": 0.0008790493011474609,
            "3_join": 0.008319854736328125,
            "4_aggregate_override": 0.002735137939453125,
            "5_join": 0.007880926132202148,
            "6_rename": 0.0007767677307128906,
            "7_convert": 0.0013277530670166016
        },
        "create_final_documents": {
            "overall": 0.0012331008911132812,
            "0_rename": 0.0009489059448242188
        }
    }
}