{
    "total_runtime": 7997.452188014984,
    "num_documents": 1,
    "input_load_time": 0,
    "workflows": {
        "create_base_text_units": {
            "overall": 0.42876219749450684,
            "0_orderby": 0.001499176025390625,
            "1_zip": 0.0018470287322998047,
            "2_aggregate_override": 0.005613088607788086,
            "3_chunk": 0.3903946876525879,
            "4_select": 0.0010440349578857422,
            "5_unroll": 0.0023229122161865234,
            "6_rename": 0.0005550384521484375,
            "7_genid": 0.008862018585205078,
            "8_unzip": 0.0023458003997802734,
            "9_copy": 0.00046515464782714844,
            "10_filter": 0.013214826583862305
        },
        "create_base_extracted_entities": {
            "overall": 6769.2536380290985,
            "0_entity_extract": 6769.065891742706,
            "1_merge_graphs": 0.1873612403869629
        },
        "create_summarized_entities": {
            "overall": 1209.7846529483795,
            "0_summarize_descriptions": 1209.783919095993
        },
        "create_base_entity_graph": {
            "overall": 1.4006361961364746,
            "0_cluster_graph": 1.399129867553711,
            "1_select": 0.0007479190826416016
        },
        "create_final_entities": {
            "overall": 5.999830007553101,
            "0_unpack_graph": 0.4248528480529785,
            "1_rename": 0.0011990070343017578,
            "2_select": 0.0010478496551513672,
            "3_dedupe": 0.0016641616821289062,
            "4_rename": 0.0006778240203857422,
            "5_filter": 0.019695043563842773,
            "6_text_split": 0.018248796463012695,
            "7_drop": 0.0009698867797851562,
            "8_merge": 0.31265807151794434,
            "9_text_embed": 5.194628000259399,
            "10_drop": 0.0014791488647460938,
            "11_filter": 0.02227783203125
        },
        "create_final_nodes": {
            "overall": 3.6268198490142822,
            "0_layout_graph": 2.1287059783935547,
            "1_unpack_graph": 0.8006489276885986,
            "2_unpack_graph": 0.5598330497741699,
            "3_drop": 0.002866983413696289,
            "4_filter": 0.09342598915100098,
            "5_select": 0.0009019374847412109,
            "6_rename": 0.0005571842193603516,
            "7_join": 0.025084733963012695,
            "8_convert": 0.010057926177978516,
            "9_rename": 0.0041351318359375
        },
        "create_final_communities": {
            "overall": 2.5634350776672363,
            "0_unpack_graph": 0.5048370361328125,
            "1_unpack_graph": 0.5323069095611572,
            "2_aggregate_override": 0.005511045455932617,
            "3_join": 0.06663203239440918,
            "4_join": 0.0632939338684082,
            "5_concat": 0.004467010498046875,
            "6_filter": 1.269836187362671,
            "7_aggregate_override": 0.03751420974731445,
            "8_join": 0.00797724723815918,
            "9_filter": 0.010785102844238281,
            "10_fill": 0.0006778240203857422,
            "11_merge": 0.05441617965698242,
            "12_copy": 0.0006310939788818359,
            "13_select": 0.0021791458129882812
        },
        "join_text_units_to_entity_ids": {
            "overall": 0.017037153244018555,
            "0_select": 0.0009222030639648438,
            "1_unroll": 0.0029811859130859375,
            "2_aggregate_override": 0.012863397598266602
        },
        "create_final_relationships": {
            "overall": 0.7152090072631836,
            "0_unpack_graph": 0.5204989910125732,
            "1_filter": 0.07645916938781738,
            "2_rename": 0.0012700557708740234,
            "3_filter": 0.10216712951660156,
            "4_drop": 0.0008666515350341797,
            "5_compute_edge_combined_degree": 0.010063886642456055,
            "6_convert": 0.0014150142669677734,
            "7_convert": 0.0019762516021728516
        },
        "join_text_units_to_relationship_ids": {
            "overall": 0.030848979949951172,
            "0_select": 0.0025789737701416016,
            "1_unroll": 0.011440038681030273,
            "2_aggregate_override": 0.015321731567382812,
            "3_select": 0.001188039779663086
        }
    }
}