{
    "total_runtime": 261.10698914527893,
    "num_documents": 1,
    "input_load_time": 0,
    "workflows": {
        "create_base_text_units": {
            "overall": 0.33764219284057617,
            "0_orderby": 0.0032088756561279297,
            "1_zip": 0.004474163055419922,
            "2_aggregate_override": 0.0068280696868896484,
            "3_chunk": 0.24293899536132812,
            "4_select": 0.004832029342651367,
            "5_unroll": 0.006544828414916992,
            "6_rename": 0.006129026412963867,
            "7_genid": 0.009165048599243164,
            "8_unzip": 0.008919239044189453,
            "9_copy": 0.008435249328613281,
            "10_filter": 0.03354692459106445
        },
        "create_base_extracted_entities": {
            "overall": 0.11257290840148926,
            "0_entity_extract": 0.08905386924743652,
            "1_merge_graphs": 0.016739845275878906
        },
        "create_summarized_entities": {
            "overall": 1.1636841297149658,
            "0_summarize_descriptions": 1.1557350158691406
        },
        "create_base_entity_graph": {
            "overall": 0.08958911895751953,
            "0_cluster_graph": 0.06324005126953125,
            "1_select": 0.015186786651611328
        },
        "create_final_entities": {
            "overall": 1.876978874206543,
            "0_unpack_graph": 0.019780874252319336,
            "1_rename": 0.010916948318481445,
            "2_select": 0.011594057083129883,
            "3_dedupe": 0.019481897354125977,
            "4_rename": 0.013653993606567383,
            "5_filter": 0.03542184829711914,
            "6_text_split": 0.018503189086914062,
            "7_drop": 0.02100992202758789,
            "8_merge": 0.04150891304016113,
            "9_text_embed": 1.624450922012329,
            "10_drop": 0.01367330551147461,
            "11_filter": 0.03808188438415527
        },
        "create_final_nodes": {
            "overall": 0.416485071182251,
            "0_layout_graph": 0.0625910758972168,
            "1_unpack_graph": 0.0302431583404541,
            "2_unpack_graph": 0.027508974075317383,
            "3_filter": 0.057157039642333984,
            "4_drop": 0.02560901641845703,
            "5_select": 0.02462005615234375,
            "6_rename": 0.024064064025878906,
            "7_convert": 0.07797503471374512,
            "8_join": 0.04705500602722168,
            "9_rename": 0.02174997329711914
        },
        "create_final_communities": {
            "overall": 0.5265610218048096,
            "0_unpack_graph": 0.03581404685974121,
            "1_unpack_graph": 0.03624916076660156,
            "2_aggregate_override": 0.0377810001373291,
            "3_join": 0.030879974365234375,
            "4_join": 0.028246164321899414,
            "5_concat": 0.022291183471679688,
            "6_filter": 0.06058192253112793,
            "7_aggregate_override": 0.030373811721801758,
            "8_join": 0.04171490669250488,
            "9_filter": 0.054620981216430664,
            "10_fill": 0.0257570743560791,
            "11_merge": 0.03751206398010254,
            "12_copy": 0.029060840606689453,
            "13_select": 0.028524160385131836
        },
        "join_text_units_to_entity_ids": {
            "overall": 0.10994410514831543,
            "0_select": 0.02687382698059082,
            "1_unroll": 0.025954246520996094,
            "2_aggregate_override": 0.032141923904418945
        },
        "create_final_relationships": {
            "overall": 0.38641810417175293,
            "0_unpack_graph": 0.03540778160095215,
            "1_filter": 0.06046628952026367,
            "2_rename": 0.029951095581054688,
            "3_filter": 0.06388306617736816,
            "4_drop": 0.03022003173828125,
            "5_compute_edge_combined_degree": 0.05090689659118652,
            "6_convert": 0.061367034912109375,
            "7_convert": 0.028795957565307617
        },
        "join_text_units_to_relationship_ids": {
            "overall": 0.1897292137145996,
            "0_select": 0.04449725151062012,
            "1_unroll": 0.03568625450134277,
            "2_aggregate_override": 0.03814291954040527,
            "3_select": 0.03255820274353027
        },
        "create_final_community_reports": {
            "overall": 251.4957160949707,
            "0_prepare_community_reports_nodes": 0.03447413444519043,
            "1_prepare_community_reports_edges": 0.032243967056274414,
            "2_restore_community_hierarchy": 0.04263496398925781,
            "3_prepare_community_reports": 0.13348817825317383,
            "4_create_community_reports": 251.14811515808105,
            "5_window": 0.06777811050415039
        },
        "create_final_text_units": {
            "overall": 0.2885150909423828,
            "0_select": 0.03687095642089844,
            "1_rename": 0.033232927322387695,
            "2_join": 0.04714322090148926,
            "3_join": 0.04374504089355469,
            "4_aggregate_override": 0.04587578773498535,
            "5_select": 0.04180407524108887
        },
        "create_base_documents": {
            "overall": 0.47214698791503906,
            "0_unroll": 0.04289102554321289,
            "1_select": 0.037448883056640625,
            "2_rename": 0.052677154541015625,
            "3_join": 0.07629895210266113,
            "4_aggregate_override": 0.040093183517456055,
            "5_join": 0.0519719123840332,
            "6_rename": 0.04122495651245117,
            "7_convert": 0.08327102661132812
        },
        "create_final_documents": {
            "overall": 0.09093928337097168,
            "0_rename": 0.042105913162231445
        }
    }
}