{
    "total_runtime": 44.19779419898987,
    "num_documents": 1,
    "input_load_time": 0,
    "workflows": {
        "create_base_text_units": {
            "overall": 0.2685513496398926,
            "0_orderby": 0.0008671283721923828,
            "1_zip": 0.0010297298431396484,
            "2_aggregate_override": 0.0034859180450439453,
            "3_chunk": 0.24672603607177734,
            "4_select": 0.0009791851043701172,
            "5_unroll": 0.0028848648071289062,
            "6_rename": 0.0006470680236816406,
            "7_genid": 0.0011129379272460938,
            "8_unzip": 0.0011551380157470703,
            "9_copy": 0.0003399848937988281,
            "10_filter": 0.008925914764404297
        },
        "create_base_extracted_entities": {
            "overall": 0.12576913833618164,
            "0_entity_extract": 0.1118917465209961,
            "1_merge_graphs": 0.013633966445922852
        },
        "create_summarized_entities": {
            "overall": 0.6862232685089111,
            "0_summarize_descriptions": 0.6859099864959717
        },
        "create_base_entity_graph": {
            "overall": 0.0524599552154541,
            "0_cluster_graph": 0.05132913589477539,
            "1_select": 0.0007097721099853516
        },
        "create_final_entities": {
            "overall": 0.9384219646453857,
            "0_unpack_graph": 0.009617090225219727,
            "1_rename": 0.0006148815155029297,
            "2_select": 0.001512765884399414,
            "3_dedupe": 0.0016891956329345703,
            "4_rename": 0.0011131763458251953,
            "5_filter": 0.004511833190917969,
            "6_text_split": 0.0022699832916259766,
            "7_drop": 0.0006709098815917969,
            "8_merge": 0.025153160095214844,
            "9_text_embed": 0.8852832317352295,
            "10_drop": 0.00092315673828125,
            "11_filter": 0.004659175872802734
        },
        "create_final_nodes": {
            "overall": 0.09474420547485352,
            "0_layout_graph": 0.049157142639160156,
            "1_unpack_graph": 0.012066125869750977,
            "2_unpack_graph": 0.011886835098266602,
            "3_drop": 0.0007550716400146484,
            "4_filter": 0.00413203239440918,
            "5_select": 0.0007259845733642578,
            "6_rename": 0.0007679462432861328,
            "7_join": 0.007987260818481445,
            "8_convert": 0.005800008773803711,
            "9_rename": 0.0009789466857910156
        },
        "create_final_communities": {
            "overall": 0.08613920211791992,
            "0_unpack_graph": 0.016705751419067383,
            "1_unpack_graph": 0.012229204177856445,
            "2_aggregate_override": 0.0042340755462646484,
            "3_join": 0.009140968322753906,
            "4_join": 0.009100198745727539,
            "5_concat": 0.0008237361907958984,
            "6_filter": 0.011858940124511719,
            "7_aggregate_override": 0.004647254943847656,
            "8_join": 0.00680088996887207,
            "9_filter": 0.00511479377746582,
            "10_fill": 0.0007381439208984375,
            "11_merge": 0.0029060840606689453,
            "12_copy": 0.0005011558532714844,
            "13_select": 0.0006649494171142578
        },
        "join_text_units_to_entity_ids": {
            "overall": 0.0073091983795166016,
            "0_select": 0.0009958744049072266,
            "1_unroll": 0.002522706985473633,
            "2_aggregate_override": 0.003510713577270508
        },
        "create_final_relationships": {
            "overall": 0.03291893005371094,
            "0_unpack_graph": 0.012559175491333008,
            "1_filter": 0.005982875823974609,
            "2_rename": 0.0007407665252685547,
            "3_filter": 0.004805803298950195,
            "4_drop": 0.0007498264312744141,
            "5_compute_edge_combined_degree": 0.006042003631591797,
            "6_convert": 0.0009009838104248047,
            "7_convert": 0.0007266998291015625
        },
        "join_text_units_to_relationship_ids": {
            "overall": 0.009051799774169922,
            "0_select": 0.001207113265991211,
            "1_unroll": 0.0025467872619628906,
            "2_aggregate_override": 0.003939628601074219,
            "3_select": 0.0010190010070800781
        },
        "create_final_community_reports": {
            "overall": 39.10811710357666,
            "0_prepare_community_reports_nodes": 0.00454401969909668,
            "1_prepare_community_reports_edges": 0.0025670528411865234,
            "2_restore_community_hierarchy": 0.005570888519287109,
            "3_prepare_community_reports": 0.07515215873718262,
            "4_create_community_reports": 39.01876187324524,
            "5_window": 0.0010581016540527344
        },
        "create_final_text_units": {
            "overall": 0.02367377281188965,
            "0_select": 0.0010578632354736328,
            "1_rename": 0.0007638931274414062,
            "2_join": 0.008403301239013672,
            "3_join": 0.008073806762695312,
            "4_aggregate_override": 0.004052877426147461,
            "5_select": 0.0009431838989257812
        },
        "create_base_documents": {
            "overall": 0.02810502052307129,
            "0_unroll": 0.00372314453125,
            "1_select": 0.001584768295288086,
            "2_rename": 0.0010721683502197266,
            "3_join": 0.008728981018066406,
            "4_aggregate_override": 0.0028138160705566406,
            "5_join": 0.0076122283935546875,
            "6_rename": 0.0007801055908203125,
            "7_convert": 0.0013070106506347656
        },
        "create_final_documents": {
            "overall": 0.0011200904846191406,
            "0_rename": 0.0008499622344970703
        }
    }
}