{
    "total_runtime": 3.5872299671173096,
    "num_documents": 1,
    "input_load_time": 0,
    "workflows": {
        "create_base_text_units": {
            "overall": 0.2849910259246826,
            "0_orderby": 0.0011687278747558594,
            "1_zip": 0.0011348724365234375,
            "2_aggregate_override": 0.010669231414794922,
            "3_chunk": 0.2442309856414795,
            "4_select": 0.001714944839477539,
            "5_unroll": 0.009618043899536133,
            "6_rename": 0.0007293224334716797,
            "7_genid": 0.0010387897491455078,
            "8_unzip": 0.001148223876953125,
            "9_copy": 0.0003409385681152344,
            "10_filter": 0.012718915939331055
        },
        "create_base_extracted_entities": {
            "overall": 0.09307384490966797,
            "0_entity_extract": 0.0806422233581543,
            "1_merge_graphs": 0.012084007263183594
        },
        "create_summarized_entities": {
            "overall": 0.042459964752197266,
            "0_summarize_descriptions": 0.04227304458618164
        },
        "create_base_entity_graph": {
            "overall": 0.04492807388305664,
            "0_cluster_graph": 0.04366588592529297,
            "1_select": 0.0009398460388183594
        },
        "create_final_entities": {
            "overall": 0.17156600952148438,
            "0_unpack_graph": 0.012084007263183594,
            "1_rename": 0.0008568763732910156,
            "2_select": 0.0010747909545898438,
            "3_dedupe": 0.001589059829711914,
            "4_rename": 0.0007905960083007812,
            "5_filter": 0.005138874053955078,
            "6_text_split": 0.0023381710052490234,
            "7_drop": 0.0009198188781738281,
            "8_merge": 0.021860122680664062,
            "9_text_embed": 0.11977982521057129,
            "10_drop": 0.0007739067077636719,
            "11_filter": 0.0038318634033203125
        },
        "create_final_nodes": {
            "overall": 0.10570788383483887,
            "0_layout_graph": 0.04593825340270996,
            "1_unpack_graph": 0.011534690856933594,
            "2_unpack_graph": 0.010479927062988281,
            "3_filter": 0.005529880523681641,
            "4_drop": 0.0031049251556396484,
            "5_select": 0.001749277114868164,
            "6_rename": 0.0010387897491455078,
            "7_convert": 0.011656999588012695,
            "8_join": 0.013288736343383789,
            "9_rename": 0.0008101463317871094
        },
        "create_final_communities": {
            "overall": 0.08761096000671387,
            "0_unpack_graph": 0.007623910903930664,
            "1_unpack_graph": 0.007623910903930664,
            "2_aggregate_override": 0.01267695426940918,
            "3_join": 0.01172780990600586,
            "4_join": 0.008903026580810547,
            "5_concat": 0.0009429454803466797,
            "6_filter": 0.012625932693481445,
            "7_aggregate_override": 0.0048749446868896484,
            "8_join": 0.007550954818725586,
            "9_filter": 0.006510734558105469,
            "10_fill": 0.0007698535919189453,
            "11_merge": 0.0038640499114990234,
            "12_copy": 0.0006248950958251953,
            "13_select": 0.00074005126953125
        },
        "join_text_units_to_entity_ids": {
            "overall": 0.007421731948852539,
            "0_select": 0.0010962486267089844,
            "1_unroll": 0.002858877182006836,
            "2_aggregate_override": 0.003155946731567383
        },
        "create_final_relationships": {
            "overall": 0.03194594383239746,
            "0_unpack_graph": 0.010467290878295898,
            "1_filter": 0.005852937698364258,
            "2_rename": 0.0007810592651367188,
            "3_filter": 0.005805015563964844,
            "4_drop": 0.0011599063873291016,
            "5_compute_edge_combined_degree": 0.005589723587036133,
            "6_convert": 0.0010533332824707031,
            "7_convert": 0.0008111000061035156
        },
        "join_text_units_to_relationship_ids": {
            "overall": 0.005932807922363281,
            "0_select": 0.0007288455963134766,
            "1_unroll": 0.0015420913696289062,
            "2_aggregate_override": 0.0026891231536865234,
            "3_select": 0.0007491111755371094
        },
        "create_final_community_reports": {
            "overall": 0.1106100082397461,
            "0_prepare_community_reports_nodes": 0.003159046173095703,
            "1_prepare_community_reports_edges": 0.002039670944213867,
            "2_restore_community_hierarchy": 0.005026102066040039,
            "3_prepare_community_reports": 0.0780038833618164,
            "4_create_community_reports": 0.021160125732421875,
            "5_window": 0.0008132457733154297
        },
        "create_final_text_units": {
            "overall": 0.025518178939819336,
            "0_select": 0.0007638931274414062,
            "1_rename": 0.0004968643188476562,
            "2_join": 0.006392955780029297,
            "3_join": 0.006033897399902344,
            "4_aggregate_override": 0.010571002960205078,
            "5_select": 0.0009617805480957031
        },
        "create_base_documents": {
            "overall": 0.03393673896789551,
            "0_unroll": 0.0031118392944335938,
            "1_select": 0.0010209083557128906,
            "2_rename": 0.0008368492126464844,
            "3_join": 0.007963180541992188,
            "4_aggregate_override": 0.0033130645751953125,
            "5_join": 0.014472007751464844,
            "6_rename": 0.0007770061492919922,
            "7_convert": 0.001789093017578125
        },
        "create_final_documents": {
            "overall": 0.0010678768157958984,
            "0_rename": 0.0008161067962646484
        }
    }
}