{
    "total_runtime": 3.692753314971924,
    "num_documents": 1,
    "input_load_time": 0,
    "workflows": {
        "create_base_text_units": {
            "overall": 0.26029300689697266,
            "0_orderby": 0.0015947818756103516,
            "1_zip": 0.0023322105407714844,
            "2_aggregate_override": 0.005720853805541992,
            "3_chunk": 0.23770523071289062,
            "4_select": 0.0009851455688476562,
            "5_unroll": 0.0022220611572265625,
            "6_rename": 0.0005631446838378906,
            "7_genid": 0.0011110305786132812,
            "8_unzip": 0.0015282630920410156,
            "9_copy": 0.00042700767517089844,
            "10_filter": 0.005506038665771484
        },
        "create_base_extracted_entities": {
            "overall": 0.10127401351928711,
            "0_entity_extract": 0.09090781211853027,
            "1_merge_graphs": 0.010081052780151367
        },
        "create_summarized_entities": {
            "overall": 0.03912806510925293,
            "0_summarize_descriptions": 0.038762807846069336
        },
        "create_base_entity_graph": {
            "overall": 0.037351131439208984,
            "0_cluster_graph": 0.03589820861816406,
            "1_select": 0.0011301040649414062
        },
        "create_final_entities": {
            "overall": 0.1687009334564209,
            "0_unpack_graph": 0.012719154357910156,
            "1_rename": 0.00096893310546875,
            "2_select": 0.0009920597076416016,
            "3_dedupe": 0.00102996826171875,
            "4_rename": 0.0006368160247802734,
            "5_filter": 0.005554914474487305,
            "6_text_split": 0.002173900604248047,
            "7_drop": 0.0007841587066650391,
            "8_merge": 0.02373480796813965,
            "9_text_embed": 0.11494874954223633,
            "10_drop": 0.0007889270782470703,
            "11_filter": 0.003865957260131836
        },
        "create_final_nodes": {
            "overall": 0.07749199867248535,
            "0_layout_graph": 0.03729414939880371,
            "1_unpack_graph": 0.010494232177734375,
            "2_unpack_graph": 0.010237932205200195,
            "3_drop": 0.0008039474487304688,
            "4_filter": 0.00520014762878418,
            "5_select": 0.0007588863372802734,
            "6_rename": 0.0005247592926025391,
            "7_join": 0.008558034896850586,
            "8_convert": 0.0022420883178710938,
            "9_rename": 0.0009222030639648438
        },
        "create_final_communities": {
            "overall": 0.08214187622070312,
            "0_unpack_graph": 0.013091087341308594,
            "1_unpack_graph": 0.010263204574584961,
            "2_aggregate_override": 0.003961086273193359,
            "3_join": 0.009642839431762695,
            "4_join": 0.0089111328125,
            "5_concat": 0.0008580684661865234,
            "6_filter": 0.012260913848876953,
            "7_aggregate_override": 0.005019187927246094,
            "8_join": 0.007091999053955078,
            "9_filter": 0.0051691532135009766,
            "10_fill": 0.0007679462432861328,
            "11_merge": 0.0031609535217285156,
            "12_copy": 0.0005688667297363281,
            "13_select": 0.0007090568542480469
        },
        "join_text_units_to_entity_ids": {
            "overall": 0.007616996765136719,
            "0_select": 0.0012652873992919922,
            "1_unroll": 0.0025920867919921875,
            "2_aggregate_override": 0.003348827362060547
        },
        "create_final_relationships": {
            "overall": 0.03150510787963867,
            "0_unpack_graph": 0.010974884033203125,
            "1_filter": 0.00537872314453125,
            "2_rename": 0.0007719993591308594,
            "3_filter": 0.005446910858154297,
            "4_drop": 0.0007739067077636719,
            "5_compute_edge_combined_degree": 0.005984067916870117,
            "6_convert": 0.00096893310546875,
            "7_convert": 0.0007009506225585938
        },
        "join_text_units_to_relationship_ids": {
            "overall": 0.01023411750793457,
            "0_select": 0.001699209213256836,
            "1_unroll": 0.0028009414672851562,
            "2_aggregate_override": 0.003937959671020508,
            "3_select": 0.0013761520385742188
        },
        "create_final_community_reports": {
            "overall": 0.09999918937683105,
            "0_prepare_community_reports_nodes": 0.004469871520996094,
            "1_prepare_community_reports_edges": 0.0032923221588134766,
            "2_restore_community_hierarchy": 0.005568981170654297,
            "3_prepare_community_reports": 0.06973600387573242,
            "4_create_community_reports": 0.015623807907104492,
            "5_window": 0.0008130073547363281
        },
        "create_final_text_units": {
            "overall": 0.023016929626464844,
            "0_select": 0.0010292530059814453,
            "1_rename": 0.0006620883941650391,
            "2_join": 0.008331060409545898,
            "3_join": 0.007948875427246094,
            "4_aggregate_override": 0.003634929656982422,
            "5_select": 0.0010411739349365234
        },
        "create_base_documents": {
            "overall": 0.02775287628173828,
            "0_unroll": 0.0036661624908447266,
            "1_select": 0.00133514404296875,
            "2_rename": 0.0009851455688476562,
            "3_join": 0.00868082046508789,
            "4_aggregate_override": 0.0027878284454345703,
            "5_join": 0.007712841033935547,
            "6_rename": 0.0007851123809814453,
            "7_convert": 0.0013239383697509766
        },
        "create_final_documents": {
            "overall": 0.0011641979217529297,
            "0_rename": 0.0008900165557861328
        }
    }
}