{
    "total_runtime": 37.68519401550293,
    "num_documents": 1,
    "input_load_time": 0,
    "workflows": {
        "create_base_text_units": {
            "overall": 0.2693212032318115,
            "0_orderby": 0.0017137527465820312,
            "1_zip": 0.002009868621826172,
            "2_aggregate_override": 0.005738973617553711,
            "3_chunk": 0.24579715728759766,
            "4_select": 0.0010156631469726562,
            "5_unroll": 0.0027399063110351562,
            "6_rename": 0.0006499290466308594,
            "7_genid": 0.0011181831359863281,
            "8_unzip": 0.0012390613555908203,
            "9_copy": 0.00039196014404296875,
            "10_filter": 0.006234884262084961
        },
        "create_base_extracted_entities": {
            "overall": 37.0302197933197,
            "0_entity_extract": 36.99647092819214,
            "1_merge_graphs": 0.03323006629943848
        }
    }
}