{
    "total_runtime": 3.6316640377044678,
    "num_documents": 1,
    "input_load_time": 0,
    "workflows": {
        "create_base_text_units": {
            "overall": 0.2507767677307129,
            "0_orderby": 0.0008749961853027344,
            "1_zip": 0.0010139942169189453,
            "2_aggregate_override": 0.0031778812408447266,
            "3_chunk": 0.2242729663848877,
            "4_select": 0.0009391307830810547,
            "5_unroll": 0.002363920211791992,
            "6_rename": 0.0005660057067871094,
            "7_genid": 0.001013040542602539,
            "8_unzip": 0.0011148452758789062,
            "9_copy": 0.0003452301025390625,
            "10_filter": 0.014711856842041016
        },
        "create_base_extracted_entities": {
            "overall": 0.13833093643188477,
            "0_entity_extract": 0.12681889533996582,
            "1_merge_graphs": 0.011207818984985352
        },
        "create_summarized_entities": {
            "overall": 0.045990943908691406,
            "0_summarize_descriptions": 0.045728206634521484
        },
        "create_base_entity_graph": {
            "overall": 0.04833698272705078,
            "0_cluster_graph": 0.047065019607543945,
            "1_select": 0.0009479522705078125
        },
        "create_final_entities": {
            "overall": 0.16820001602172852,
            "0_unpack_graph": 0.010753870010375977,
            "1_rename": 0.001132965087890625,
            "2_select": 0.001093149185180664,
            "3_dedupe": 0.0010390281677246094,
            "4_rename": 0.0006051063537597656,
            "5_filter": 0.004657268524169922,
            "6_text_split": 0.0033011436462402344,
            "7_drop": 0.000881195068359375,
            "8_merge": 0.0203702449798584,
            "9_text_embed": 0.1188199520111084,
            "10_drop": 0.0007829666137695312,
            "11_filter": 0.004308938980102539
        },
        "create_final_nodes": {
            "overall": 0.0844118595123291,
            "0_layout_graph": 0.0415959358215332,
            "1_unpack_graph": 0.010720014572143555,
            "2_unpack_graph": 0.010426998138427734,
            "3_drop": 0.0009019374847412109,
            "4_filter": 0.004611968994140625,
            "5_select": 0.0008101463317871094,
            "6_rename": 0.0005269050598144531,
            "7_join": 0.008706092834472656,
            "8_convert": 0.004917144775390625,
            "9_rename": 0.0008258819580078125
        },
        "create_final_communities": {
            "overall": 0.08005189895629883,
            "0_unpack_graph": 0.011369943618774414,
            "1_unpack_graph": 0.009808063507080078,
            "2_aggregate_override": 0.0046138763427734375,
            "3_join": 0.009218215942382812,
            "4_join": 0.008996009826660156,
            "5_concat": 0.0008060932159423828,
            "6_filter": 0.01219320297241211,
            "7_aggregate_override": 0.004847288131713867,
            "8_join": 0.00712132453918457,
            "9_filter": 0.005808115005493164,
            "10_fill": 0.0005559921264648438,
            "11_merge": 0.002856731414794922,
            "12_copy": 0.00048613548278808594,
            "13_select": 0.0007460117340087891
        },
        "join_text_units_to_entity_ids": {
            "overall": 0.00728917121887207,
            "0_select": 0.0009558200836181641,
            "1_unroll": 0.0029277801513671875,
            "2_aggregate_override": 0.003132343292236328
        },
        "create_final_relationships": {
            "overall": 0.030839204788208008,
            "0_unpack_graph": 0.010376930236816406,
            "1_filter": 0.005304098129272461,
            "2_rename": 0.0006809234619140625,
            "3_filter": 0.005531787872314453,
            "4_drop": 0.0007939338684082031,
            "5_compute_edge_combined_degree": 0.006064891815185547,
            "6_convert": 0.0009489059448242188,
            "7_convert": 0.0006830692291259766
        },
        "join_text_units_to_relationship_ids": {
            "overall": 0.008744955062866211,
            "0_select": 0.0011258125305175781,
            "1_unroll": 0.0023038387298583984,
            "2_aggregate_override": 0.004012107849121094,
            "3_select": 0.0009758472442626953
        },
        "create_final_community_reports": {
            "overall": 0.1096949577331543,
            "0_prepare_community_reports_nodes": 0.004527091979980469,
            "1_prepare_community_reports_edges": 0.0028171539306640625,
            "2_restore_community_hierarchy": 0.006045103073120117,
            "3_prepare_community_reports": 0.0742638111114502,
            "4_create_community_reports": 0.02056097984313965,
            "5_window": 0.0009748935699462891
        },
        "create_final_text_units": {
            "overall": 0.018764257431030273,
            "0_select": 0.0009348392486572266,
            "1_rename": 0.0005309581756591797,
            "2_join": 0.0060579776763916016,
            "3_join": 0.0064771175384521484,
            "4_aggregate_override": 0.0037441253662109375,
            "5_select": 0.0007197856903076172
        },
        "create_base_documents": {
            "overall": 0.019647836685180664,
            "0_unroll": 0.0021059513092041016,
            "1_select": 0.0006780624389648438,
            "2_rename": 0.0005419254302978516,
            "3_join": 0.006109952926635742,
            "4_aggregate_override": 0.002090930938720703,
            "5_join": 0.0060808658599853516,
            "6_rename": 0.0006504058837890625,
            "7_convert": 0.0010788440704345703
        },
        "create_final_documents": {
            "overall": 0.0008161067962646484,
            "0_rename": 0.0006239414215087891
        }
    }
}