{
    "total_runtime": 147.2175738811493,
    "num_documents": 1,
    "input_load_time": 0,
    "workflows": {
        "create_base_text_units": {
            "overall": 0.2883877754211426,
            "0_orderby": 0.008059978485107422,
            "1_zip": 0.004148006439208984,
            "2_aggregate_override": 0.011162996292114258,
            "3_chunk": 0.234544038772583,
            "4_select": 0.0049211978912353516,
            "5_unroll": 0.009063243865966797,
            "6_rename": 0.0007457733154296875,
            "7_genid": 0.00102996826171875,
            "8_unzip": 0.002025127410888672,
            "9_copy": 0.0005686283111572266,
            "10_filter": 0.011641263961791992
        },
        "create_base_extracted_entities": {
            "overall": 11.85711407661438,
            "0_entity_extract": 11.845682859420776,
            "1_merge_graphs": 0.011142969131469727
        },
        "create_summarized_entities": {
            "overall": 104.391841173172,
            "0_summarize_descriptions": 104.39132595062256
        },
        "create_base_entity_graph": {
            "overall": 0.0644991397857666,
            "0_cluster_graph": 0.0624849796295166,
            "1_select": 0.0016009807586669922
        },
        "create_final_entities": {
            "overall": 1.103783130645752,
            "0_unpack_graph": 0.01592397689819336,
            "1_rename": 0.0013959407806396484,
            "2_select": 0.001653909683227539,
            "3_dedupe": 0.0054819583892822266,
            "4_rename": 0.001497030258178711,
            "5_filter": 0.008867740631103516,
            "6_text_split": 0.012239694595336914,
            "7_drop": 0.0021448135375976562,
            "8_merge": 0.03402304649353027,
            "9_text_embed": 1.0056612491607666,
            "10_drop": 0.001600027084350586,
            "11_filter": 0.012279987335205078
        },
        "create_final_nodes": {
            "overall": 0.10758519172668457,
            "0_layout_graph": 0.0436251163482666,
            "1_unpack_graph": 0.011157989501953125,
            "2_unpack_graph": 0.01081085205078125,
            "3_drop": 0.0012900829315185547,
            "4_filter": 0.005916118621826172,
            "5_select": 0.0013267993927001953,
            "6_rename": 0.0009291172027587891,
            "7_join": 0.022276878356933594,
            "8_convert": 0.008015155792236328,
            "9_rename": 0.0015177726745605469
        },
        "create_final_communities": {
            "overall": 0.2752571105957031,
            "0_unpack_graph": 0.03338289260864258,
            "1_unpack_graph": 0.02001786231994629,
            "2_aggregate_override": 0.10651707649230957,
            "3_join": 0.034162044525146484,
            "4_join": 0.013698816299438477,
            "5_concat": 0.0014777183532714844,
            "6_filter": 0.02045893669128418,
            "7_aggregate_override": 0.009060859680175781,
            "8_join": 0.014021873474121094,
            "9_filter": 0.01041269302368164,
            "10_fill": 0.0009808540344238281,
            "11_merge": 0.006383180618286133,
            "12_copy": 0.001332998275756836,
            "13_select": 0.0020170211791992188
        },
        "join_text_units_to_entity_ids": {
            "overall": 0.010770320892333984,
            "0_select": 0.0018219947814941406,
            "1_unroll": 0.0027701854705810547,
            "2_aggregate_override": 0.005568742752075195
        },
        "create_final_relationships": {
            "overall": 0.1819441318511963,
            "0_unpack_graph": 0.018712997436523438,
            "1_filter": 0.018021106719970703,
            "2_rename": 0.0017981529235839844,
            "3_filter": 0.013360738754272461,
            "4_drop": 0.002465963363647461,
            "5_compute_edge_combined_degree": 0.1230320930480957,
            "6_convert": 0.0019259452819824219,
            "7_convert": 0.0017690658569335938
        },
        "join_text_units_to_relationship_ids": {
            "overall": 0.010400056838989258,
            "0_select": 0.0011439323425292969,
            "1_unroll": 0.0031402111053466797,
            "2_aggregate_override": 0.004152059555053711,
            "3_select": 0.0015292167663574219
        },
        "create_final_community_reports": {
            "overall": 23.521183013916016,
            "0_prepare_community_reports_nodes": 0.040830373764038086,
            "1_prepare_community_reports_edges": 0.0058269500732421875,
            "2_restore_community_hierarchy": 0.012602090835571289,
            "3_prepare_community_reports": 0.21363186836242676,
            "4_create_community_reports": 23.239137887954712,
            "5_window": 0.005795001983642578
        },
        "create_final_text_units": {
            "overall": 0.06330585479736328,
            "0_select": 0.0025920867919921875,
            "1_rename": 0.0024971961975097656,
            "2_join": 0.021589994430541992,
            "3_join": 0.011225700378417969,
            "4_aggregate_override": 0.0220949649810791,
            "5_select": 0.002338886260986328
        },
        "create_base_documents": {
            "overall": 0.05767393112182617,
            "0_unroll": 0.0033516883850097656,
            "1_select": 0.0011799335479736328,
            "2_rename": 0.0009791851043701172,
            "3_join": 0.026484966278076172,
            "4_aggregate_override": 0.005610942840576172,
            "5_join": 0.016865968704223633,
            "6_rename": 0.0010061264038085938,
            "7_convert": 0.0015690326690673828
        },
        "create_final_documents": {
            "overall": 0.0019960403442382812,
            "0_rename": 0.0016357898712158203
        }
    }
}