{
    "total_runtime": 155.07174587249756,
    "num_documents": 1,
    "input_load_time": 0,
    "workflows": {
        "create_base_text_units": {
            "overall": 0.387739896774292,
            "0_orderby": 0.007716178894042969,
            "1_zip": 0.004224061965942383,
            "2_aggregate_override": 0.014705896377563477,
            "3_chunk": 0.33057284355163574,
            "4_select": 0.0036580562591552734,
            "5_unroll": 0.007737159729003906,
            "6_rename": 0.0009088516235351562,
            "7_genid": 0.0013551712036132812,
            "8_unzip": 0.0020771026611328125,
            "9_copy": 0.0006048679351806641,
            "10_filter": 0.013664007186889648
        },
        "create_base_extracted_entities": {
            "overall": 14.408936262130737,
            "0_entity_extract": 14.387850046157837,
            "1_merge_graphs": 0.020802021026611328
        },
        "create_summarized_entities": {
            "overall": 64.2751669883728,
            "0_summarize_descriptions": 64.27481126785278
        },
        "create_base_entity_graph": {
            "overall": 0.08990216255187988,
            "0_cluster_graph": 0.08866691589355469,
            "1_select": 0.0008409023284912109
        },
        "create_final_entities": {
            "overall": 1.0254499912261963,
            "0_unpack_graph": 0.03040480613708496,
            "1_rename": 0.0009019374847412109,
            "2_select": 0.0010352134704589844,
            "3_dedupe": 0.003694772720336914,
            "4_rename": 0.0006978511810302734,
            "5_filter": 0.004775047302246094,
            "6_text_split": 0.0041561126708984375,
            "7_drop": 0.0008838176727294922,
            "8_merge": 0.03319978713989258,
            "9_text_embed": 0.9396960735321045,
            "10_drop": 0.0009758472442626953,
            "11_filter": 0.0043849945068359375
        },
        "create_final_nodes": {
            "overall": 0.2381291389465332,
            "0_layout_graph": 0.15018606185913086,
            "1_unpack_graph": 0.02368783950805664,
            "2_unpack_graph": 0.022256851196289062,
            "3_drop": 0.0008158683776855469,
            "4_filter": 0.009644031524658203,
            "5_select": 0.0010352134704589844,
            "6_rename": 0.0005457401275634766,
            "7_join": 0.016883134841918945,
            "8_convert": 0.011420965194702148,
            "9_rename": 0.0010881423950195312
        },
        "create_final_communities": {
            "overall": 0.14593791961669922,
            "0_unpack_graph": 0.02321481704711914,
            "1_unpack_graph": 0.021905899047851562,
            "2_aggregate_override": 0.01037907600402832,
            "3_join": 0.011828899383544922,
            "4_join": 0.007943868637084961,
            "5_concat": 0.0007870197296142578,
            "6_filter": 0.04631781578063965,
            "7_aggregate_override": 0.004840850830078125,
            "8_join": 0.006676912307739258,
            "9_filter": 0.005300045013427734,
            "10_fill": 0.0005497932434082031,
            "11_merge": 0.0043408870697021484,
            "12_copy": 0.0005369186401367188,
            "13_select": 0.0006868839263916016
        },
        "join_text_units_to_entity_ids": {
            "overall": 0.007354259490966797,
            "0_select": 0.0012171268463134766,
            "1_unroll": 0.0024580955505371094,
            "2_aggregate_override": 0.0032999515533447266
        },
        "create_final_relationships": {
            "overall": 0.054656982421875,
            "0_unpack_graph": 0.025616168975830078,
            "1_filter": 0.009240150451660156,
            "2_rename": 0.0007719993591308594,
            "3_filter": 0.008116006851196289,
            "4_drop": 0.0007550716400146484,
            "5_compute_edge_combined_degree": 0.007901191711425781,
            "6_convert": 0.0009801387786865234,
            "7_convert": 0.0007741451263427734
        },
        "join_text_units_to_relationship_ids": {
            "overall": 0.010483980178833008,
            "0_select": 0.0014493465423583984,
            "1_unroll": 0.0031790733337402344,
            "2_aggregate_override": 0.004335880279541016,
            "3_select": 0.001062154769897461
        },
        "create_final_community_reports": {
            "overall": 71.30766916275024,
            "0_prepare_community_reports_nodes": 0.009004831314086914,
            "1_prepare_community_reports_edges": 0.004004716873168945,
            "2_restore_community_hierarchy": 0.005928993225097656,
            "3_prepare_community_reports": 0.11365699768066406,
            "4_create_community_reports": 71.17338299751282,
            "5_window": 0.0010781288146972656
        },
        "create_final_text_units": {
            "overall": 0.030001163482666016,
            "0_select": 0.0012950897216796875,
            "1_rename": 0.0008766651153564453,
            "2_join": 0.00870203971862793,
            "3_join": 0.012988090515136719,
            "4_aggregate_override": 0.004683017730712891,
            "5_select": 0.0009458065032958984
        },
        "create_base_documents": {
            "overall": 0.038839101791381836,
            "0_unroll": 0.0035741329193115234,
            "1_select": 0.0012700557708740234,
            "2_rename": 0.0010428428649902344,
            "3_join": 0.00863790512084961,
            "4_aggregate_override": 0.002830028533935547,
            "5_join": 0.015883922576904297,
            "6_rename": 0.0010061264038085938,
            "7_convert": 0.003960132598876953
        },
        "create_final_documents": {
            "overall": 0.001560211181640625,
            "0_rename": 0.0011577606201171875
        }
    }
}