{
    "total_runtime": 3.369903087615967,
    "num_documents": 1,
    "input_load_time": 0,
    "workflows": {
        "create_base_text_units": {
            "overall": 0.2973501682281494,
            "0_orderby": 0.0013241767883300781,
            "1_zip": 0.001516103744506836,
            "2_aggregate_override": 0.0033211708068847656,
            "3_chunk": 0.2744112014770508,
            "4_select": 0.0014379024505615234,
            "5_unroll": 0.0031871795654296875,
            "6_rename": 0.0010387897491455078,
            "7_genid": 0.0014851093292236328,
            "8_unzip": 0.0015859603881835938,
            "9_copy": 0.00041604042053222656,
            "10_filter": 0.0071680545806884766
        },
        "create_base_extracted_entities": {
            "overall": 0.09578299522399902,
            "0_entity_extract": 0.08684992790222168,
            "1_merge_graphs": 0.008517980575561523
        },
        "create_summarized_entities": {
            "overall": 0.03640294075012207,
            "0_summarize_descriptions": 0.03622126579284668
        },
        "create_base_entity_graph": {
            "overall": 0.03637981414794922,
            "0_cluster_graph": 0.03541970252990723,
            "1_select": 0.0007462501525878906
        },
        "create_final_entities": {
            "overall": 0.1631002426147461,
            "0_unpack_graph": 0.008320808410644531,
            "1_rename": 0.0006129741668701172,
            "2_select": 0.0009720325469970703,
            "3_dedupe": 0.0007658004760742188,
            "4_rename": 0.0004711151123046875,
            "5_filter": 0.003802061080932617,
            "6_text_split": 0.0023550987243652344,
            "7_drop": 0.0007109642028808594,
            "8_merge": 0.019608020782470703,
            "9_text_embed": 0.12027382850646973,
            "10_drop": 0.0007758140563964844,
            "11_filter": 0.003882884979248047
        },
        "create_final_nodes": {
            "overall": 0.0753028392791748,
            "0_layout_graph": 0.03539609909057617,
            "1_unpack_graph": 0.010116815567016602,
            "2_unpack_graph": 0.00839686393737793,
            "3_drop": 0.0008480548858642578,
            "4_filter": 0.0053670406341552734,
            "5_select": 0.0008919239044189453,
            "6_rename": 0.0004901885986328125,
            "7_join": 0.00721287727355957,
            "8_convert": 0.005339860916137695,
            "9_rename": 0.0008609294891357422
        },
        "create_final_communities": {
            "overall": 0.07780814170837402,
            "0_unpack_graph": 0.010908842086791992,
            "1_unpack_graph": 0.008812665939331055,
            "2_aggregate_override": 0.0046617984771728516,
            "3_join": 0.00795292854309082,
            "4_join": 0.009294271469116211,
            "5_concat": 0.0008358955383300781,
            "6_filter": 0.011580944061279297,
            "7_aggregate_override": 0.005069255828857422,
            "8_join": 0.006158113479614258,
            "9_filter": 0.006308078765869141,
            "10_fill": 0.0012140274047851562,
            "11_merge": 0.003042936325073242,
            "12_copy": 0.0005550384521484375,
            "13_select": 0.000701904296875
        },
        "join_text_units_to_entity_ids": {
            "overall": 0.0077381134033203125,
            "0_select": 0.0014960765838623047,
            "1_unroll": 0.0030059814453125,
            "2_aggregate_override": 0.0029680728912353516
        },
        "create_final_relationships": {
            "overall": 0.030508995056152344,
            "0_unpack_graph": 0.01047205924987793,
            "1_filter": 0.0047490596771240234,
            "2_rename": 0.0006921291351318359,
            "3_filter": 0.0061566829681396484,
            "4_drop": 0.0007719993591308594,
            "5_compute_edge_combined_degree": 0.005027294158935547,
            "6_convert": 0.0014941692352294922,
            "7_convert": 0.0006830692291259766
        },
        "join_text_units_to_relationship_ids": {
            "overall": 0.006821870803833008,
            "0_select": 0.0009291172027587891,
            "1_unroll": 0.0019249916076660156,
            "2_aggregate_override": 0.0029048919677734375,
            "3_select": 0.0007889270782470703
        },
        "create_final_community_reports": {
            "overall": 0.10636401176452637,
            "0_prepare_community_reports_nodes": 0.003473043441772461,
            "1_prepare_community_reports_edges": 0.003036022186279297,
            "2_restore_community_hierarchy": 0.0056760311126708984,
            "3_prepare_community_reports": 0.07084894180297852,
            "4_create_community_reports": 0.021860837936401367,
            "5_window": 0.0008943080902099609
        },
        "create_final_text_units": {
            "overall": 0.018496990203857422,
            "0_select": 0.0007600784301757812,
            "1_rename": 0.0004999637603759766,
            "2_join": 0.006523847579956055,
            "3_join": 0.00672602653503418,
            "4_aggregate_override": 0.0030040740966796875,
            "5_select": 0.0007009506225585938
        },
        "create_base_documents": {
            "overall": 0.020457983016967773,
            "0_unroll": 0.001847982406616211,
            "1_select": 0.0007538795471191406,
            "2_rename": 0.0010628700256347656,
            "3_join": 0.0069828033447265625,
            "4_aggregate_override": 0.002306222915649414,
            "5_join": 0.005477190017700195,
            "6_rename": 0.0006859302520751953,
            "7_convert": 0.0010170936584472656
        },
        "create_final_documents": {
            "overall": 0.0007281303405761719,
            "0_rename": 0.0005488395690917969
        }
    }
}