{
    "total_runtime": 8.256075859069824,
    "num_documents": 1,
    "input_load_time": 0,
    "workflows": {
        "create_base_text_units": {
            "overall": 0.30649709701538086,
            "0_orderby": 0.009418010711669922,
            "1_zip": 0.002891063690185547,
            "2_aggregate_override": 0.012467145919799805,
            "3_chunk": 0.25076985359191895,
            "4_select": 0.003860950469970703,
            "5_unroll": 0.007281064987182617,
            "6_rename": 0.0006170272827148438,
            "7_genid": 0.0011370182037353516,
            "8_unzip": 0.0026590824127197266,
            "9_copy": 0.0005338191986083984,
            "10_filter": 0.014422178268432617
        },
        "create_base_extracted_entities": {
            "overall": 0.09127020835876465,
            "0_entity_extract": 0.08050894737243652,
            "1_merge_graphs": 0.010540008544921875
        },
        "create_summarized_entities": {
            "overall": 1.180009126663208,
            "0_summarize_descriptions": 1.1798148155212402
        },
        "create_base_entity_graph": {
            "overall": 0.03259682655334473,
            "0_cluster_graph": 0.031340837478637695,
            "1_select": 0.0009138584136962891
        },
        "create_final_entities": {
            "overall": 0.14198899269104004,
            "0_unpack_graph": 0.007841110229492188,
            "1_rename": 0.0009050369262695312,
            "2_select": 0.0010390281677246094,
            "3_dedupe": 0.0020971298217773438,
            "4_rename": 0.0008897781372070312,
            "5_filter": 0.0054090023040771484,
            "6_text_split": 0.0019872188568115234,
            "7_drop": 0.0007688999176025391,
            "8_merge": 0.01712775230407715,
            "9_text_embed": 0.09882903099060059,
            "10_drop": 0.0007691383361816406,
            "11_filter": 0.0038290023803710938
        },
        "create_final_nodes": {
            "overall": 0.06859993934631348,
            "0_layout_graph": 0.024504661560058594,
            "1_unpack_graph": 0.0064661502838134766,
            "2_unpack_graph": 0.006304025650024414,
            "3_filter": 0.004682779312133789,
            "4_drop": 0.0008118152618408203,
            "5_select": 0.0007419586181640625,
            "6_rename": 0.000560760498046875,
            "7_join": 0.013172149658203125,
            "8_convert": 0.010050058364868164,
            "9_rename": 0.0008273124694824219
        },
        "create_final_communities": {
            "overall": 0.09422898292541504,
            "0_unpack_graph": 0.014931917190551758,
            "1_unpack_graph": 0.010654926300048828,
            "2_aggregate_override": 0.00847935676574707,
            "3_join": 0.015845060348510742,
            "4_join": 0.010452032089233398,
            "5_concat": 0.0014290809631347656,
            "6_filter": 0.008509159088134766,
            "7_aggregate_override": 0.004026174545288086,
            "8_join": 0.00724029541015625,
            "9_filter": 0.005734920501708984,
            "10_fill": 0.0005979537963867188,
            "11_merge": 0.004321098327636719,
            "12_copy": 0.0006351470947265625,
            "13_select": 0.0007672309875488281
        },
        "join_text_units_to_entity_ids": {
            "overall": 0.006842851638793945,
            "0_select": 0.0008959770202636719,
            "1_unroll": 0.002257823944091797,
            "2_aggregate_override": 0.003439188003540039
        },
        "create_final_relationships": {
            "overall": 0.023766040802001953,
            "0_unpack_graph": 0.005977153778076172,
            "1_filter": 0.004805088043212891,
            "2_rename": 0.0006549358367919922,
            "3_filter": 0.004409074783325195,
            "4_drop": 0.0007517337799072266,
            "5_compute_edge_combined_degree": 0.005287885665893555,
            "6_convert": 0.0008511543273925781,
            "7_convert": 0.0006682872772216797
        },
        "join_text_units_to_relationship_ids": {
            "overall": 0.009242057800292969,
            "0_select": 0.0012922286987304688,
            "1_unroll": 0.0029120445251464844,
            "2_aggregate_override": 0.0036411285400390625,
            "3_select": 0.0010440349578857422
        },
        "create_final_community_reports": {
            "overall": 3.5816948413848877,
            "0_prepare_community_reports_nodes": 0.002732992172241211,
            "1_prepare_community_reports_edges": 0.002908945083618164,
            "2_restore_community_hierarchy": 0.004906177520751953,
            "3_prepare_community_reports": 0.0428011417388916,
            "4_create_community_reports": 3.5269620418548584,
            "5_window": 0.0009360313415527344
        },
        "create_final_text_units": {
            "overall": 0.027386903762817383,
            "0_select": 0.0009319782257080078,
            "1_rename": 0.0006301403045654297,
            "2_join": 0.00740504264831543,
            "3_join": 0.007550954818725586,
            "4_aggregate_override": 0.009628057479858398,
            "5_select": 0.0008909702301025391
        },
        "create_base_documents": {
            "overall": 0.026495933532714844,
            "0_unroll": 0.002908945083618164,
            "1_select": 0.0009322166442871094,
            "2_rename": 0.0008082389831542969,
            "3_join": 0.00718998908996582,
            "4_aggregate_override": 0.002508878707885742,
            "5_join": 0.009716033935546875,
            "6_rename": 0.0007541179656982422,
            "7_convert": 0.0012738704681396484
        },
        "create_final_documents": {
            "overall": 0.0012028217315673828,
            "0_rename": 0.0009241104125976562
        }
    }
}