{
    "total_runtime": 17.063502073287964,
    "num_documents": 1,
    "input_load_time": 0,
    "workflows": {
        "create_base_text_units": {
            "overall": 0.2838459014892578,
            "0_orderby": 0.0074579715728759766,
            "1_zip": 0.0020699501037597656,
            "2_aggregate_override": 0.008731842041015625,
            "3_chunk": 0.23220491409301758,
            "4_select": 0.005772113800048828,
            "5_unroll": 0.009603023529052734,
            "6_rename": 0.0007920265197753906,
            "7_genid": 0.0009970664978027344,
            "8_unzip": 0.0021910667419433594,
            "9_copy": 0.00043702125549316406,
            "10_filter": 0.013127326965332031
        },
        "create_base_extracted_entities": {
            "overall": 9.293375968933105,
            "0_entity_extract": 9.285605192184448,
            "1_merge_graphs": 0.0075228214263916016
        },
        "create_summarized_entities": {
            "overall": 0.03165292739868164,
            "0_summarize_descriptions": 0.0312960147857666
        },
        "create_base_entity_graph": {
            "overall": 0.03218889236450195,
            "0_cluster_graph": 0.030704021453857422,
            "1_select": 0.0011799335479736328
        },
        "create_final_entities": {
            "overall": 1.4455070495605469,
            "0_unpack_graph": 0.0049877166748046875,
            "1_rename": 0.0008082389831542969,
            "2_select": 0.003762960433959961,
            "3_dedupe": 0.0045909881591796875,
            "4_rename": 0.0007429122924804688,
            "5_filter": 0.0063250064849853516,
            "6_text_split": 0.003072023391723633,
            "7_drop": 0.0012879371643066406,
            "8_merge": 0.009057998657226562,
            "9_text_embed": 1.40397310256958,
            "10_drop": 0.0007717609405517578,
            "11_filter": 0.005541086196899414
        },
        "create_final_nodes": {
            "overall": 0.060355186462402344,
            "0_layout_graph": 0.01557302474975586,
            "1_unpack_graph": 0.0040628910064697266,
            "2_unpack_graph": 0.004649162292480469,
            "3_drop": 0.0016047954559326172,
            "4_filter": 0.005912065505981445,
            "5_select": 0.0010869503021240234,
            "6_rename": 0.0009310245513916016,
            "7_join": 0.0176389217376709,
            "8_convert": 0.007718801498413086,
            "9_rename": 0.0007729530334472656
        },
        "create_final_communities": {
            "overall": 0.0633389949798584,
            "0_unpack_graph": 0.0025818347930908203,
            "1_unpack_graph": 0.002251148223876953,
            "2_aggregate_override": 0.014580011367797852,
            "3_join": 0.009667158126831055,
            "4_join": 0.007109880447387695,
            "5_concat": 0.0006492137908935547,
            "6_filter": 0.006873130798339844,
            "7_aggregate_override": 0.0032167434692382812,
            "8_join": 0.006738185882568359,
            "9_filter": 0.005590915679931641,
            "10_fill": 0.0005266666412353516,
            "11_merge": 0.0018260478973388672,
            "12_copy": 0.0004639625549316406,
            "13_select": 0.0008101463317871094
        },
        "join_text_units_to_entity_ids": {
            "overall": 0.005922794342041016,
            "0_select": 0.0009050369262695312,
            "1_unroll": 0.001962900161743164,
            "2_aggregate_override": 0.0027358531951904297
        },
        "create_final_relationships": {
            "overall": 0.043685197830200195,
            "0_unpack_graph": 0.005499124526977539,
            "1_filter": 0.016364097595214844,
            "2_rename": 0.001834869384765625,
            "3_filter": 0.006777048110961914,
            "4_drop": 0.0010612010955810547,
            "5_compute_edge_combined_degree": 0.009351253509521484,
            "6_convert": 0.0011010169982910156,
            "7_convert": 0.0010747909545898438
        },
        "join_text_units_to_relationship_ids": {
            "overall": 0.013589143753051758,
            "0_select": 0.0013358592987060547,
            "1_unroll": 0.006685972213745117,
            "2_aggregate_override": 0.0042531490325927734,
            "3_select": 0.0009529590606689453
        },
        "create_final_community_reports": {
            "overall": 2.3944737911224365,
            "0_prepare_community_reports_nodes": 0.0052089691162109375,
            "1_prepare_community_reports_edges": 0.0023059844970703125,
            "2_restore_community_hierarchy": 0.006939888000488281,
            "3_prepare_community_reports": 0.05682992935180664,
            "4_create_community_reports": 2.3211851119995117,
            "5_window": 0.0012879371643066406
        },
        "create_final_text_units": {
            "overall": 0.03509712219238281,
            "0_select": 0.0009670257568359375,
            "1_rename": 0.0006358623504638672,
            "2_join": 0.011207103729248047,
            "3_join": 0.010726213455200195,
            "4_aggregate_override": 0.010110855102539062,
            "5_select": 0.001088857650756836
        },
        "create_base_documents": {
            "overall": 0.03731894493103027,
            "0_unroll": 0.0037822723388671875,
            "1_select": 0.0014290809631347656,
            "2_rename": 0.0009028911590576172,
            "3_join": 0.007609128952026367,
            "4_aggregate_override": 0.003901958465576172,
            "5_join": 0.015282154083251953,
            "6_rename": 0.0009322166442871094,
            "7_convert": 0.002805948257446289
        },
        "create_final_documents": {
            "overall": 0.001455068588256836,
            "0_rename": 0.0010921955108642578
        }
    }
}