{
    "total_runtime": 10.543471097946167,
    "num_documents": 1,
    "input_load_time": 0,
    "workflows": {
        "create_base_text_units": {
            "overall": 0.39478397369384766,
            "0_orderby": 0.0016307830810546875,
            "1_zip": 0.0020208358764648438,
            "2_aggregate_override": 0.005759000778198242,
            "3_chunk": 0.36319684982299805,
            "4_select": 0.0010099411010742188,
            "5_unroll": 0.0021131038665771484,
            "6_rename": 0.0005869865417480469,
            "7_genid": 0.007437944412231445,
            "8_unzip": 0.0012781620025634766,
            "9_copy": 0.00037932395935058594,
            "10_filter": 0.008704900741577148
        },
        "create_base_extracted_entities": {
            "overall": 9.766088247299194,
            "0_entity_extract": 9.571320056915283,
            "1_merge_graphs": 0.1943819522857666
        }
    }
}