{
    "total_runtime": 3.4232168197631836,
    "num_documents": 1,
    "input_load_time": 0,
    "workflows": {
        "create_base_text_units": {
            "overall": 0.320127010345459,
            "0_orderby": 0.0010230541229248047,
            "1_zip": 0.0012607574462890625,
            "2_aggregate_override": 0.004544973373413086,
            "3_chunk": 0.29654979705810547,
            "4_select": 0.001477956771850586,
            "5_unroll": 0.0030260086059570312,
            "6_rename": 0.0007319450378417969,
            "7_genid": 0.0010728836059570312,
            "8_unzip": 0.0014908313751220703,
            "9_copy": 0.0004048347473144531,
            "10_filter": 0.008067131042480469
        },
        "create_base_extracted_entities": {
            "overall": 0.08289694786071777,
            "0_entity_extract": 0.07723116874694824,
            "1_merge_graphs": 0.005388021469116211
        },
        "create_summarized_entities": {
            "overall": 0.019265174865722656,
            "0_summarize_descriptions": 0.01908087730407715
        },
        "create_base_entity_graph": {
            "overall": 0.020912885665893555,
            "0_cluster_graph": 0.019438982009887695,
            "1_select": 0.0012040138244628906
        },
        "create_final_entities": {
            "overall": 0.10536766052246094,
            "0_unpack_graph": 0.004032135009765625,
            "1_rename": 0.0008149147033691406,
            "2_select": 0.0009319782257080078,
            "3_dedupe": 0.0008671283721923828,
            "4_rename": 0.0006399154663085938,
            "5_filter": 0.005402088165283203,
            "6_text_split": 0.0014069080352783203,
            "7_drop": 0.0007538795471191406,
            "8_merge": 0.008846759796142578,
            "9_text_embed": 0.07654309272766113,
            "10_drop": 0.0007431507110595703,
            "11_filter": 0.003874063491821289
        },
        "create_final_nodes": {
            "overall": 0.04687905311584473,
            "0_layout_graph": 0.015288829803466797,
            "1_unpack_graph": 0.003818035125732422,
            "2_unpack_graph": 0.003597259521484375,
            "3_filter": 0.005609989166259766,
            "4_drop": 0.0008420944213867188,
            "5_select": 0.0007939338684082031,
            "6_rename": 0.0005857944488525391,
            "7_convert": 0.005033016204833984,
            "8_join": 0.009937047958374023,
            "9_rename": 0.0008871555328369141
        },
        "create_final_communities": {
            "overall": 0.06090116500854492,
            "0_unpack_graph": 0.004677772521972656,
            "1_unpack_graph": 0.0038399696350097656,
            "2_aggregate_override": 0.0042231082916259766,
            "3_join": 0.009963035583496094,
            "4_join": 0.008356094360351562,
            "5_concat": 0.000827789306640625,
            "6_filter": 0.006308794021606445,
            "7_aggregate_override": 0.0041348934173583984,
            "8_join": 0.007860422134399414,
            "9_filter": 0.0055658817291259766,
            "10_fill": 0.0005409717559814453,
            "11_merge": 0.002216815948486328,
            "12_copy": 0.0007967948913574219,
            "13_select": 0.0009179115295410156
        },
        "join_text_units_to_entity_ids": {
            "overall": 0.007412910461425781,
            "0_select": 0.0010790824890136719,
            "1_unroll": 0.0028989315032958984,
            "2_aggregate_override": 0.003142118453979492
        },
        "create_final_relationships": {
            "overall": 0.022359848022460938,
            "0_unpack_graph": 0.003520965576171875,
            "1_filter": 0.005138874053955078,
            "2_rename": 0.0006592273712158203,
            "3_filter": 0.004573822021484375,
            "4_drop": 0.0008099079132080078,
            "5_compute_edge_combined_degree": 0.005705356597900391,
            "6_convert": 0.0009038448333740234,
            "7_convert": 0.0006508827209472656
        },
        "join_text_units_to_relationship_ids": {
            "overall": 0.008150815963745117,
            "0_select": 0.0011889934539794922,
            "1_unroll": 0.002460956573486328,
            "2_aggregate_override": 0.003286123275756836,
            "3_select": 0.0008790493011474609
        },
        "create_final_community_reports": {
            "overall": 0.07160711288452148,
            "0_prepare_community_reports_nodes": 0.0025010108947753906,
            "1_prepare_community_reports_edges": 0.0036869049072265625,
            "2_restore_community_hierarchy": 0.006109952926635742,
            "3_prepare_community_reports": 0.044097185134887695,
            "4_create_community_reports": 0.013550043106079102,
            "5_window": 0.0011739730834960938
        },
        "create_final_text_units": {
            "overall": 0.023495912551879883,
            "0_select": 0.0009458065032958984,
            "1_rename": 0.0006337165832519531,
            "2_join": 0.008157968521118164,
            "3_join": 0.008314847946166992,
            "4_aggregate_override": 0.004231929779052734,
            "5_select": 0.0008678436279296875
        },
        "create_base_documents": {
            "overall": 0.027074813842773438,
            "0_unroll": 0.0027549266815185547,
            "1_select": 0.0011508464813232422,
            "2_rename": 0.0013518333435058594,
            "3_join": 0.007586240768432617,
            "4_aggregate_override": 0.003482818603515625,
            "5_join": 0.008273124694824219,
            "6_rename": 0.0007548332214355469,
            "7_convert": 0.0013110637664794922
        },
        "create_final_documents": {
            "overall": 0.001077890396118164,
            "0_rename": 0.0008330345153808594
        }
    }
}