{
    "total_runtime": 59.60174822807312,
    "num_documents": 1,
    "input_load_time": 0,
    "workflows": {
        "create_base_text_units": {
            "overall": 0.27916908264160156,
            "0_orderby": 0.0008697509765625,
            "1_zip": 0.0010459423065185547,
            "2_aggregate_override": 0.0035080909729003906,
            "3_chunk": 0.2532060146331787,
            "4_select": 0.0010678768157958984,
            "5_unroll": 0.002393007278442383,
            "6_rename": 0.0006029605865478516,
            "7_genid": 0.0010418891906738281,
            "8_unzip": 0.0016269683837890625,
            "9_copy": 0.0004630088806152344,
            "10_filter": 0.012933969497680664
        },
        "create_base_extracted_entities": {
            "overall": 0.10796213150024414,
            "0_entity_extract": 0.09668469429016113,
            "1_merge_graphs": 0.010907173156738281
        },
        "create_summarized_entities": {
            "overall": 40.73862314224243,
            "0_summarize_descriptions": 40.73806023597717
        },
        "create_base_entity_graph": {
            "overall": 0.037236928939819336,
            "0_cluster_graph": 0.03613996505737305,
            "1_select": 0.0007750988006591797
        },
        "create_final_entities": {
            "overall": 2.3646280765533447,
            "0_unpack_graph": 0.00653386116027832,
            "1_rename": 0.0008029937744140625,
            "2_select": 0.001010894775390625,
            "3_dedupe": 0.004042148590087891,
            "4_rename": 0.0008151531219482422,
            "5_filter": 0.007841110229492188,
            "6_text_split": 0.002593994140625,
            "7_drop": 0.00084686279296875,
            "8_merge": 0.019133806228637695,
            "9_text_embed": 2.315171003341675,
            "10_drop": 0.0008656978607177734,
            "11_filter": 0.004558086395263672
        },
        "create_final_nodes": {
            "overall": 0.0803689956665039,
            "0_layout_graph": 0.024201154708862305,
            "1_unpack_graph": 0.007389068603515625,
            "2_unpack_graph": 0.00769805908203125,
            "3_filter": 0.004739999771118164,
            "4_drop": 0.0014119148254394531,
            "5_select": 0.0009748935699462891,
            "6_rename": 0.0006170272827148438,
            "7_convert": 0.011286020278930664,
            "8_join": 0.02084183692932129,
            "9_rename": 0.0007658004760742188
        },
        "create_final_communities": {
            "overall": 0.0776669979095459,
            "0_unpack_graph": 0.00603485107421875,
            "1_unpack_graph": 0.006217002868652344,
            "2_aggregate_override": 0.012595176696777344,
            "3_join": 0.011168956756591797,
            "4_join": 0.008948802947998047,
            "5_concat": 0.0008540153503417969,
            "6_filter": 0.007865667343139648,
            "7_aggregate_override": 0.0048906803131103516,
            "8_join": 0.007960796356201172,
            "9_filter": 0.0062198638916015625,
            "10_fill": 0.0006449222564697266,
            "11_merge": 0.002437114715576172,
            "12_copy": 0.0005497932434082031,
            "13_select": 0.0007538795471191406
        },
        "join_text_units_to_entity_ids": {
            "overall": 0.007943153381347656,
            "0_select": 0.0010349750518798828,
            "1_unroll": 0.0032410621643066406,
            "2_aggregate_override": 0.0033600330352783203
        },
        "create_final_relationships": {
            "overall": 0.028123140335083008,
            "0_unpack_graph": 0.006963014602661133,
            "1_filter": 0.005548000335693359,
            "2_rename": 0.0007526874542236328,
            "3_filter": 0.004900693893432617,
            "4_drop": 0.0013661384582519531,
            "5_compute_edge_combined_degree": 0.006078243255615234,
            "6_convert": 0.0010333061218261719,
            "7_convert": 0.0010559558868408203
        },
        "join_text_units_to_relationship_ids": {
            "overall": 0.009649038314819336,
            "0_select": 0.0013401508331298828,
            "1_unroll": 0.003403902053833008,
            "2_aggregate_override": 0.0036559104919433594,
            "3_select": 0.0009028911590576172
        },
        "create_final_community_reports": {
            "overall": 13.143584966659546,
            "0_prepare_community_reports_nodes": 0.002611875534057617,
            "1_prepare_community_reports_edges": 0.0034279823303222656,
            "2_restore_community_hierarchy": 0.0047931671142578125,
            "3_prepare_community_reports": 0.04424691200256348,
            "4_create_community_reports": 13.086897850036621,
            "5_window": 0.00110626220703125
        },
        "create_final_text_units": {
            "overall": 0.025400638580322266,
            "0_select": 0.001035928726196289,
            "1_rename": 0.0006997585296630859,
            "2_join": 0.00896310806274414,
            "3_join": 0.00809788703918457,
            "4_aggregate_override": 0.005305767059326172,
            "5_select": 0.0009281635284423828
        },
        "create_base_documents": {
            "overall": 0.028439044952392578,
            "0_unroll": 0.0033202171325683594,
            "1_select": 0.0010449886322021484,
            "2_rename": 0.0008111000061035156,
            "3_join": 0.0077588558197021484,
            "4_aggregate_override": 0.0025429725646972656,
            "5_join": 0.009847879409790039,
            "6_rename": 0.0008649826049804688,
            "7_convert": 0.0018417835235595703
        },
        "create_final_documents": {
            "overall": 0.0014789104461669922,
            "0_rename": 0.0011451244354248047
        }
    }
}