{
    "total_runtime": 3.6490542888641357,
    "num_documents": 1,
    "input_load_time": 0,
    "workflows": {
        "create_base_text_units": {
            "overall": 0.26262712478637695,
            "0_orderby": 0.0017271041870117188,
            "1_zip": 0.002062082290649414,
            "2_aggregate_override": 0.005509853363037109,
            "3_chunk": 0.23994922637939453,
            "4_select": 0.0009980201721191406,
            "5_unroll": 0.0025560855865478516,
            "6_rename": 0.0006580352783203125,
            "7_genid": 0.0011379718780517578,
            "8_unzip": 0.0012149810791015625,
            "9_copy": 0.00035572052001953125,
            "10_filter": 0.005839109420776367
        },
        "create_base_extracted_entities": {
            "overall": 0.10215616226196289,
            "0_entity_extract": 0.09153008460998535,
            "1_merge_graphs": 0.010351896286010742
        },
        "create_summarized_entities": {
            "overall": 0.03861212730407715,
            "0_summarize_descriptions": 0.03832077980041504
        },
        "create_base_entity_graph": {
            "overall": 0.03983116149902344,
            "0_cluster_graph": 0.03859591484069824,
            "1_select": 0.0008952617645263672
        },
        "create_final_entities": {
            "overall": 0.16847729682922363,
            "0_unpack_graph": 0.011150836944580078,
            "1_rename": 0.0007889270782470703,
            "2_select": 0.0009317398071289062,
            "3_dedupe": 0.0021791458129882812,
            "4_rename": 0.001013040542602539,
            "5_filter": 0.005208253860473633,
            "6_text_split": 0.002557992935180664,
            "7_drop": 0.0008780956268310547,
            "8_merge": 0.02320122718811035,
            "9_text_embed": 0.1150357723236084,
            "10_drop": 0.0011491775512695312,
            "11_filter": 0.0038230419158935547
        },
        "create_final_nodes": {
            "overall": 0.0814981460571289,
            "0_layout_graph": 0.03999590873718262,
            "1_unpack_graph": 0.010689973831176758,
            "2_unpack_graph": 0.010860919952392578,
            "3_drop": 0.0008349418640136719,
            "4_filter": 0.004330873489379883,
            "5_select": 0.0014510154724121094,
            "6_rename": 0.0007500648498535156,
            "7_convert": 0.002402067184448242,
            "8_join": 0.008894920349121094,
            "9_rename": 0.0007932186126708984
        },
        "create_final_communities": {
            "overall": 0.08134198188781738,
            "0_unpack_graph": 0.012121915817260742,
            "1_unpack_graph": 0.010323762893676758,
            "2_aggregate_override": 0.004385232925415039,
            "3_join": 0.009631872177124023,
            "4_join": 0.009356021881103516,
            "5_concat": 0.0008139610290527344,
            "6_filter": 0.012224912643432617,
            "7_aggregate_override": 0.004477977752685547,
            "8_join": 0.007118701934814453,
            "9_filter": 0.005650997161865234,
            "10_fill": 0.0005567073822021484,
            "11_merge": 0.0028333663940429688,
            "12_copy": 0.0004968643188476562,
            "13_select": 0.0006451606750488281
        },
        "join_text_units_to_entity_ids": {
            "overall": 0.007677793502807617,
            "0_select": 0.0015211105346679688,
            "1_unroll": 0.0025787353515625,
            "2_aggregate_override": 0.003283977508544922
        },
        "create_final_relationships": {
            "overall": 0.030488014221191406,
            "0_unpack_graph": 0.010025978088378906,
            "1_filter": 0.005673885345458984,
            "2_rename": 0.0007040500640869141,
            "3_filter": 0.00533294677734375,
            "4_drop": 0.0008389949798583984,
            "5_compute_edge_combined_degree": 0.005558013916015625,
            "6_convert": 0.0010311603546142578,
            "7_convert": 0.0009076595306396484
        },
        "join_text_units_to_relationship_ids": {
            "overall": 0.009990215301513672,
            "0_select": 0.001271963119506836,
            "1_unroll": 0.002816915512084961,
            "2_aggregate_override": 0.0043888092041015625,
            "3_select": 0.001055002212524414
        },
        "create_final_community_reports": {
            "overall": 0.1108250617980957,
            "0_prepare_community_reports_nodes": 0.004235029220581055,
            "1_prepare_community_reports_edges": 0.0025212764739990234,
            "2_restore_community_hierarchy": 0.00562596321105957,
            "3_prepare_community_reports": 0.07550883293151855,
            "4_create_community_reports": 0.021575927734375,
            "5_window": 0.0008440017700195312
        },
        "create_final_text_units": {
            "overall": 0.017495155334472656,
            "0_select": 0.000743865966796875,
            "1_rename": 0.00048279762268066406,
            "2_join": 0.006202220916748047,
            "3_join": 0.0059430599212646484,
            "4_aggregate_override": 0.0030858516693115234,
            "5_select": 0.0007262229919433594
        },
        "create_base_documents": {
            "overall": 0.019364118576049805,
            "0_unroll": 0.0019059181213378906,
            "1_select": 0.0007028579711914062,
            "2_rename": 0.0006227493286132812,
            "3_join": 0.005667686462402344,
            "4_aggregate_override": 0.002071857452392578,
            "5_join": 0.006376981735229492,
            "6_rename": 0.0007100105285644531,
            "7_convert": 0.001010894775390625
        },
        "create_final_documents": {
            "overall": 0.0008981227874755859,
            "0_rename": 0.0006930828094482422
        }
    }
}