{
    "total_runtime": 21.458357095718384,
    "num_documents": 1,
    "input_load_time": 0,
    "workflows": {
        "create_base_text_units": {
            "overall": 0.2877368927001953,
            "0_orderby": 0.01170206069946289,
            "1_zip": 0.0034999847412109375,
            "2_aggregate_override": 0.010225296020507812,
            "3_chunk": 0.2270660400390625,
            "4_select": 0.003728151321411133,
            "5_unroll": 0.012532949447631836,
            "6_rename": 0.0007023811340332031,
            "7_genid": 0.0011000633239746094,
            "8_unzip": 0.0016717910766601562,
            "9_copy": 0.0003681182861328125,
            "10_filter": 0.014563798904418945
        },
        "create_base_extracted_entities": {
            "overall": 20.74562406539917,
            "0_entity_extract": 20.730940103530884,
            "1_merge_graphs": 0.014374971389770508
        }
    }
}