{
    "total_runtime": 3.8955190181732178,
    "num_documents": 1,
    "input_load_time": 0,
    "workflows": {
        "create_base_text_units": {
            "overall": 0.36252903938293457,
            "0_orderby": 0.00868988037109375,
            "1_zip": 0.002762317657470703,
            "2_aggregate_override": 0.008530139923095703,
            "3_chunk": 0.2635667324066162,
            "4_select": 0.016813993453979492,
            "5_unroll": 0.044413089752197266,
            "6_rename": 0.0009510517120361328,
            "7_genid": 0.0015690326690673828,
            "8_unzip": 0.0021529197692871094,
            "9_copy": 0.0006039142608642578,
            "10_filter": 0.011992931365966797
        },
        "create_base_extracted_entities": {
            "overall": 0.0847318172454834,
            "0_entity_extract": 0.07407784461975098,
            "1_merge_graphs": 0.010344982147216797
        },
        "create_summarized_entities": {
            "overall": 0.04178619384765625,
            "0_summarize_descriptions": 0.04159879684448242
        },
        "create_base_entity_graph": {
            "overall": 0.07033300399780273,
            "0_cluster_graph": 0.06927728652954102,
            "1_select": 0.0007338523864746094
        },
        "create_final_entities": {
            "overall": 0.16669106483459473,
            "0_unpack_graph": 0.009615182876586914,
            "1_rename": 0.0008709430694580078,
            "2_select": 0.001146078109741211,
            "3_dedupe": 0.0046138763427734375,
            "4_rename": 0.0008571147918701172,
            "5_filter": 0.005706071853637695,
            "6_text_split": 0.0021839141845703125,
            "7_drop": 0.0007998943328857422,
            "8_merge": 0.02284717559814453,
            "9_text_embed": 0.1126260757446289,
            "10_drop": 0.0010898113250732422,
            "11_filter": 0.0039310455322265625
        },
        "create_final_nodes": {
            "overall": 0.10165905952453613,
            "0_layout_graph": 0.04415082931518555,
            "1_unpack_graph": 0.011026144027709961,
            "2_unpack_graph": 0.010659933090209961,
            "3_filter": 0.004524946212768555,
            "4_drop": 0.0007109642028808594,
            "5_select": 0.0006668567657470703,
            "6_rename": 0.0005140304565429688,
            "7_convert": 0.013514280319213867,
            "8_join": 0.01444101333618164,
            "9_rename": 0.0009217262268066406
        },
        "create_final_communities": {
            "overall": 0.08075094223022461,
            "0_unpack_graph": 0.007241010665893555,
            "1_unpack_graph": 0.007367849349975586,
            "2_aggregate_override": 0.01740097999572754,
            "3_join": 0.008064985275268555,
            "4_join": 0.007962942123413086,
            "5_concat": 0.0007200241088867188,
            "6_filter": 0.009669065475463867,
            "7_aggregate_override": 0.004374027252197266,
            "8_join": 0.006844043731689453,
            "9_filter": 0.004965066909790039,
            "10_fill": 0.0005140304565429688,
            "11_merge": 0.003648996353149414,
            "12_copy": 0.0007638931274414062,
            "13_select": 0.0007193088531494141
        },
        "join_text_units_to_entity_ids": {
            "overall": 0.00734400749206543,
            "0_select": 0.0011391639709472656,
            "1_unroll": 0.0026798248291015625,
            "2_aggregate_override": 0.003226757049560547
        },
        "create_final_relationships": {
            "overall": 0.03127121925354004,
            "0_unpack_graph": 0.010102033615112305,
            "1_filter": 0.005614757537841797,
            "2_rename": 0.0007338523864746094,
            "3_filter": 0.004662036895751953,
            "4_drop": 0.0008211135864257812,
            "5_compute_edge_combined_degree": 0.00712895393371582,
            "6_convert": 0.0010690689086914062,
            "7_convert": 0.0006968975067138672
        },
        "join_text_units_to_relationship_ids": {
            "overall": 0.009390115737915039,
            "0_select": 0.0012950897216796875,
            "1_unroll": 0.0025942325592041016,
            "2_aggregate_override": 0.0041370391845703125,
            "3_select": 0.0010039806365966797
        },
        "create_final_community_reports": {
            "overall": 0.11405205726623535,
            "0_prepare_community_reports_nodes": 0.003892183303833008,
            "1_prepare_community_reports_edges": 0.002582073211669922,
            "2_restore_community_hierarchy": 0.005557060241699219,
            "3_prepare_community_reports": 0.08008384704589844,
            "4_create_community_reports": 0.020430803298950195,
            "5_window": 0.0010406970977783203
        },
        "create_final_text_units": {
            "overall": 0.026287078857421875,
            "0_select": 0.0007481575012207031,
            "1_rename": 0.0004892349243164062,
            "2_join": 0.006256103515625,
            "3_join": 0.0066831111907958984,
            "4_aggregate_override": 0.010738134384155273,
            "5_select": 0.0010709762573242188
        },
        "create_base_documents": {
            "overall": 0.03401923179626465,
            "0_unroll": 0.003026247024536133,
            "1_select": 0.001069784164428711,
            "2_rename": 0.0008761882781982422,
            "3_join": 0.00869297981262207,
            "4_aggregate_override": 0.002622842788696289,
            "5_join": 0.015294075012207031,
            "6_rename": 0.0007617473602294922,
            "7_convert": 0.0012569427490234375
        },
        "create_final_documents": {
            "overall": 0.001194000244140625,
            "0_rename": 0.0009720325469970703
        }
    }
}