{
    "total_runtime": 3.7626030445098877,
    "num_documents": 1,
    "input_load_time": 0,
    "workflows": {
        "create_base_text_units": {
            "overall": 0.36730194091796875,
            "0_orderby": 0.012468099594116211,
            "1_zip": 0.0029592514038085938,
            "2_aggregate_override": 0.012368917465209961,
            "3_chunk": 0.30416274070739746,
            "4_select": 0.004521846771240234,
            "5_unroll": 0.011734724044799805,
            "6_rename": 0.0011730194091796875,
            "7_genid": 0.0017578601837158203,
            "8_unzip": 0.002649068832397461,
            "9_copy": 0.0008399486541748047,
            "10_filter": 0.012122869491577148
        },
        "create_base_extracted_entities": {
            "overall": 0.09586906433105469,
            "0_entity_extract": 0.08495688438415527,
            "1_merge_graphs": 0.010664939880371094
        },
        "create_summarized_entities": {
            "overall": 0.039624929428100586,
            "0_summarize_descriptions": 0.0393369197845459
        },
        "create_base_entity_graph": {
            "overall": 0.03783702850341797,
            "0_cluster_graph": 0.036602020263671875,
            "1_select": 0.0009112358093261719
        },
        "create_final_entities": {
            "overall": 0.16643786430358887,
            "0_unpack_graph": 0.011753082275390625,
            "1_rename": 0.0007851123809814453,
            "2_select": 0.0010938644409179688,
            "3_dedupe": 0.0028548240661621094,
            "4_rename": 0.0008108615875244141,
            "5_filter": 0.005521059036254883,
            "6_text_split": 0.0022301673889160156,
            "7_drop": 0.0007979869842529297,
            "8_merge": 0.021837711334228516,
            "9_text_embed": 0.1126546859741211,
            "10_drop": 0.0007638931274414062,
            "11_filter": 0.004843950271606445
        },
        "create_final_nodes": {
            "overall": 0.09966588020324707,
            "0_layout_graph": 0.037999868392944336,
            "1_unpack_graph": 0.010610103607177734,
            "2_unpack_graph": 0.011005878448486328,
            "3_filter": 0.004557132720947266,
            "4_drop": 0.0007159709930419922,
            "5_select": 0.0010731220245361328,
            "6_rename": 0.0007560253143310547,
            "7_join": 0.01842498779296875,
            "8_convert": 0.012964725494384766,
            "9_rename": 0.001123189926147461
        },
        "create_final_communities": {
            "overall": 0.08583211898803711,
            "0_unpack_graph": 0.011932849884033203,
            "1_unpack_graph": 0.00975179672241211,
            "2_aggregate_override": 0.014202117919921875,
            "3_join": 0.009121179580688477,
            "4_join": 0.007479190826416016,
            "5_concat": 0.0007030963897705078,
            "6_filter": 0.01005697250366211,
            "7_aggregate_override": 0.005793094635009766,
            "8_join": 0.006166934967041016,
            "9_filter": 0.00499272346496582,
            "10_fill": 0.00048089027404785156,
            "11_merge": 0.0028951168060302734,
            "12_copy": 0.0008819103240966797,
            "13_select": 0.0007369518280029297
        },
        "join_text_units_to_entity_ids": {
            "overall": 0.0075130462646484375,
            "0_select": 0.0014410018920898438,
            "1_unroll": 0.0025441646575927734,
            "2_aggregate_override": 0.0032079219818115234
        },
        "create_final_relationships": {
            "overall": 0.031575918197631836,
            "0_unpack_graph": 0.010061264038085938,
            "1_filter": 0.005772113800048828,
            "2_rename": 0.0007030963897705078,
            "3_filter": 0.005605936050415039,
            "4_drop": 0.0008139610290527344,
            "5_compute_edge_combined_degree": 0.006545066833496094,
            "6_convert": 0.0009357929229736328,
            "7_convert": 0.0006718635559082031
        },
        "join_text_units_to_relationship_ids": {
            "overall": 0.009050130844116211,
            "0_select": 0.0013208389282226562,
            "1_unroll": 0.002955913543701172,
            "2_aggregate_override": 0.003468036651611328,
            "3_select": 0.0009441375732421875
        },
        "create_final_community_reports": {
            "overall": 0.10852384567260742,
            "0_prepare_community_reports_nodes": 0.00392603874206543,
            "1_prepare_community_reports_edges": 0.0024330615997314453,
            "2_restore_community_hierarchy": 0.005435943603515625,
            "3_prepare_community_reports": 0.07450008392333984,
            "4_create_community_reports": 0.020958900451660156,
            "5_window": 0.0008287429809570312
        },
        "create_final_text_units": {
            "overall": 0.020314931869506836,
            "0_select": 0.0007531642913818359,
            "1_rename": 0.0004930496215820312,
            "2_join": 0.006470918655395508,
            "3_join": 0.006683826446533203,
            "4_aggregate_override": 0.0049440860748291016,
            "5_select": 0.0006892681121826172
        },
        "create_base_documents": {
            "overall": 0.03316903114318848,
            "0_unroll": 0.0022449493408203125,
            "1_select": 0.0007970333099365234,
            "2_rename": 0.0006861686706542969,
            "3_join": 0.00782632827758789,
            "4_aggregate_override": 0.0027179718017578125,
            "5_join": 0.01587677001953125,
            "6_rename": 0.0008780956268310547,
            "7_convert": 0.0017931461334228516
        },
        "create_final_documents": {
            "overall": 0.00189208984375,
            "0_rename": 0.0014522075653076172
        }
    }
}