{
    "total_runtime": 1.634296178817749,
    "num_documents": 1,
    "input_load_time": 0,
    "workflows": {
        "create_base_text_units": {
            "overall": 0.44800615310668945,
            "0_orderby": 0.006577014923095703,
            "1_zip": 0.002807140350341797,
            "2_aggregate_override": 0.0101470947265625,
            "3_chunk": 0.38117504119873047,
            "4_select": 0.0054929256439208984,
            "5_unroll": 0.015305042266845703,
            "6_rename": 0.001024007797241211,
            "7_genid": 0.008302927017211914,
            "8_unzip": 0.0026221275329589844,
            "9_copy": 0.0005030632019042969,
            "10_filter": 0.013570070266723633
        },
        "create_base_extracted_entities": {
            "overall": 0.6694722175598145,
            "0_entity_extract": 0.478381872177124,
            "1_merge_graphs": 0.19079184532165527
        }
    }
}