{
    "total_runtime": 586.8775780200958,
    "num_documents": 1,
    "input_load_time": 0,
    "workflows": {
        "create_base_text_units": {
            "overall": 0.2773439884185791,
            "0_orderby": 0.0014371871948242188,
            "1_zip": 0.0019860267639160156,
            "2_aggregate_override": 0.005465269088745117,
            "3_chunk": 0.2472529411315918,
            "4_select": 0.0011229515075683594,
            "5_unroll": 0.0024361610412597656,
            "6_rename": 0.0005877017974853516,
            "7_genid": 0.0011000633239746094,
            "8_unzip": 0.001600027084350586,
            "9_copy": 0.0004868507385253906,
            "10_filter": 0.013295888900756836
        },
        "create_base_extracted_entities": {
            "overall": 261.3095989227295,
            "0_entity_extract": 261.29667806625366,
            "1_merge_graphs": 0.01258397102355957
        },
        "create_summarized_entities": {
            "overall": 26.74174213409424,
            "0_summarize_descriptions": 26.741547107696533
        },
        "create_base_entity_graph": {
            "overall": 0.053830862045288086,
            "0_cluster_graph": 0.05240178108215332,
            "1_select": 0.0010020732879638672
        },
        "create_final_entities": {
            "overall": 1.319167137145996,
            "0_unpack_graph": 0.011094808578491211,
            "1_rename": 0.0006392002105712891,
            "2_select": 0.0006899833679199219,
            "3_dedupe": 0.0007469654083251953,
            "4_rename": 0.0004680156707763672,
            "5_filter": 0.004817962646484375,
            "6_text_split": 0.0020799636840820312,
            "7_drop": 0.0006029605865478516,
            "8_merge": 0.024412870407104492,
            "9_text_embed": 1.2680108547210693,
            "10_drop": 0.0007760524749755859,
            "11_filter": 0.00446319580078125
        },
        "create_final_nodes": {
            "overall": 0.09965705871582031,
            "0_layout_graph": 0.05409502983093262,
            "1_unpack_graph": 0.012962102890014648,
            "2_unpack_graph": 0.012090921401977539,
            "3_drop": 0.0009992122650146484,
            "4_filter": 0.004186153411865234,
            "5_select": 0.0006690025329589844,
            "6_rename": 0.0004718303680419922,
            "7_join": 0.00782012939453125,
            "8_convert": 0.0050737857818603516,
            "9_rename": 0.0008039474487304688
        },
        "create_final_communities": {
            "overall": 0.08737993240356445,
            "0_unpack_graph": 0.016950130462646484,
            "1_unpack_graph": 0.013029813766479492,
            "2_aggregate_override": 0.003895998001098633,
            "3_join": 0.009207010269165039,
            "4_join": 0.008717775344848633,
            "5_concat": 0.0008549690246582031,
            "6_filter": 0.011884212493896484,
            "7_aggregate_override": 0.004670858383178711,
            "8_join": 0.006928920745849609,
            "9_filter": 0.005373954772949219,
            "10_fill": 0.0005159378051757812,
            "11_merge": 0.003286123275756836,
            "12_copy": 0.0006208419799804688,
            "13_select": 0.0007369518280029297
        },
        "join_text_units_to_entity_ids": {
            "overall": 0.007533073425292969,
            "0_select": 0.0011029243469238281,
            "1_unroll": 0.0025157928466796875,
            "2_aggregate_override": 0.0035970211029052734
        },
        "create_final_relationships": {
            "overall": 0.03280925750732422,
            "0_unpack_graph": 0.012939929962158203,
            "1_filter": 0.005079030990600586,
            "2_rename": 0.0006661415100097656,
            "3_filter": 0.005146980285644531,
            "4_drop": 0.0008051395416259766,
            "5_compute_edge_combined_degree": 0.006134986877441406,
            "6_convert": 0.0009479522705078125,
            "7_convert": 0.0006699562072753906
        },
        "join_text_units_to_relationship_ids": {
            "overall": 0.010251998901367188,
            "0_select": 0.0016231536865234375,
            "1_unroll": 0.0028548240661621094,
            "2_aggregate_override": 0.004079103469848633,
            "3_select": 0.001302957534790039
        },
        "create_final_community_reports": {
            "overall": 294.14656686782837,
            "0_prepare_community_reports_nodes": 0.004924774169921875,
            "1_prepare_community_reports_edges": 0.0027201175689697266,
            "2_restore_community_hierarchy": 0.00547480583190918,
            "3_prepare_community_reports": 0.07428979873657227,
            "4_create_community_reports": 294.05775713920593,
            "5_window": 0.000926971435546875
        },
        "create_final_text_units": {
            "overall": 0.024815797805786133,
            "0_select": 0.001123189926147461,
            "1_rename": 0.0007090568542480469,
            "2_join": 0.009057998657226562,
            "3_join": 0.008031845092773438,
            "4_aggregate_override": 0.004389286041259766,
            "5_select": 0.0011048316955566406
        },
        "create_base_documents": {
            "overall": 0.04516291618347168,
            "0_unroll": 0.0037581920623779297,
            "1_select": 0.0012319087982177734,
            "2_rename": 0.0007851123809814453,
            "3_join": 0.007024288177490234,
            "4_aggregate_override": 0.0038559436798095703,
            "5_join": 0.008198261260986328,
            "6_rename": 0.0011088848114013672,
            "7_convert": 0.018847942352294922
        },
        "create_final_documents": {
            "overall": 0.0010590553283691406,
            "0_rename": 0.0008120536804199219
        }
    }
}