{
    "total_runtime": 214.9953842163086,
    "num_documents": 1,
    "input_load_time": 0,
    "workflows": {
        "create_base_text_units": {
            "overall": 0.2726898193359375,
            "0_orderby": 0.0016939640045166016,
            "1_zip": 0.002023935317993164,
            "2_aggregate_override": 0.0059359073638916016,
            "3_chunk": 0.2467808723449707,
            "4_select": 0.0010280609130859375,
            "5_unroll": 0.002087831497192383,
            "6_rename": 0.0006010532379150391,
            "7_genid": 0.0010790824890136719,
            "8_unzip": 0.0012271404266357422,
            "9_copy": 0.00037598609924316406,
            "10_filter": 0.009170055389404297
        },
        "create_base_extracted_entities": {
            "overall": 12.43133020401001,
            "0_entity_extract": 12.413681030273438,
            "1_merge_graphs": 0.017232894897460938
        },
        "create_summarized_entities": {
            "overall": 182.26152181625366,
            "0_summarize_descriptions": 182.26111698150635
        },
        "create_base_entity_graph": {
            "overall": 0.05347776412963867,
            "0_cluster_graph": 0.052021026611328125,
            "1_select": 0.0011479854583740234
        },
        "create_final_entities": {
            "overall": 0.7567062377929688,
            "0_unpack_graph": 0.009032964706420898,
            "1_rename": 0.0007410049438476562,
            "2_select": 0.0007290840148925781,
            "3_dedupe": 0.0007598400115966797,
            "4_rename": 0.0005581378936767578,
            "5_filter": 0.004225969314575195,
            "6_text_split": 0.001867055892944336,
            "7_drop": 0.0007801055908203125,
            "8_merge": 0.01782822608947754,
            "9_text_embed": 0.7148869037628174,
            "10_drop": 0.0008280277252197266,
            "11_filter": 0.004030942916870117
        },
        "create_final_nodes": {
            "overall": 0.09785175323486328,
            "0_layout_graph": 0.05326700210571289,
            "1_unpack_graph": 0.01179194450378418,
            "2_unpack_graph": 0.010946989059448242,
            "3_drop": 0.0008051395416259766,
            "4_filter": 0.004114866256713867,
            "5_select": 0.0007836818695068359,
            "6_rename": 0.0005948543548583984,
            "7_convert": 0.0063610076904296875,
            "8_join": 0.00774693489074707,
            "9_rename": 0.0008099079132080078
        },
        "create_final_communities": {
            "overall": 0.08466100692749023,
            "0_unpack_graph": 0.011337041854858398,
            "1_unpack_graph": 0.013970136642456055,
            "2_aggregate_override": 0.003796100616455078,
            "3_join": 0.009143829345703125,
            "4_join": 0.008208990097045898,
            "5_concat": 0.0009930133819580078,
            "6_filter": 0.016013145446777344,
            "7_aggregate_override": 0.004453182220458984,
            "8_join": 0.006292104721069336,
            "9_filter": 0.005048036575317383,
            "10_fill": 0.0005428791046142578,
            "11_merge": 0.0026547908782958984,
            "12_copy": 0.0005998611450195312,
            "13_select": 0.0009090900421142578
        },
        "join_text_units_to_entity_ids": {
            "overall": 0.008710861206054688,
            "0_select": 0.0013549327850341797,
            "1_unroll": 0.003069162368774414,
            "2_aggregate_override": 0.003839254379272461
        },
        "create_final_relationships": {
            "overall": 0.03585624694824219,
            "0_unpack_graph": 0.014056921005249023,
            "1_filter": 0.005664825439453125,
            "2_rename": 0.0008289813995361328,
            "3_filter": 0.005440950393676758,
            "4_drop": 0.0009047985076904297,
            "5_compute_edge_combined_degree": 0.006561994552612305,
            "6_convert": 0.001055002212524414,
            "7_convert": 0.0007920265197753906
        },
        "join_text_units_to_relationship_ids": {
            "overall": 0.010821819305419922,
            "0_select": 0.001397848129272461,
            "1_unroll": 0.0030269622802734375,
            "2_aggregate_override": 0.004828929901123047,
            "3_select": 0.0011010169982910156
        },
        "create_final_community_reports": {
            "overall": 15.97930383682251,
            "0_prepare_community_reports_nodes": 0.004007101058959961,
            "1_prepare_community_reports_edges": 0.0031859874725341797,
            "2_restore_community_hierarchy": 0.0050580501556396484,
            "3_prepare_community_reports": 0.0670309066772461,
            "4_create_community_reports": 15.898208856582642,
            "5_window": 0.0012598037719726562
        },
        "create_final_text_units": {
            "overall": 0.02380990982055664,
            "0_select": 0.001165151596069336,
            "1_rename": 0.0007948875427246094,
            "2_join": 0.008581876754760742,
            "3_join": 0.008008003234863281,
            "4_aggregate_override": 0.0038559436798095703,
            "5_select": 0.0009391307830810547
        },
        "create_base_documents": {
            "overall": 0.028180360794067383,
            "0_unroll": 0.0022780895233154297,
            "1_select": 0.0008592605590820312,
            "2_rename": 0.0007681846618652344,
            "3_join": 0.01063227653503418,
            "4_aggregate_override": 0.0031371116638183594,
            "5_join": 0.007711887359619141,
            "6_rename": 0.0008790493011474609,
            "7_convert": 0.001477956771850586
        },
        "create_final_documents": {
            "overall": 0.0015728473663330078,
            "0_rename": 0.0011699199676513672
        }
    }
}