{
    "total_runtime": 1.5781450271606445,
    "num_documents": 1,
    "input_load_time": 0,
    "workflows": {
        "create_base_text_units": {
            "overall": 0.4695770740509033,
            "0_orderby": 0.010654926300048828,
            "1_zip": 0.003226041793823242,
            "2_aggregate_override": 0.011368989944458008,
            "3_chunk": 0.3946249485015869,
            "4_select": 0.006851673126220703,
            "5_unroll": 0.014901876449584961,
            "6_rename": 0.0012590885162353516,
            "7_genid": 0.011706113815307617,
            "8_unzip": 0.002655029296875,
            "9_copy": 0.0006420612335205078,
            "10_filter": 0.01108098030090332
        },
        "create_base_extracted_entities": {
            "overall": 0.6888461112976074,
            "0_entity_extract": 0.4997389316558838,
            "1_merge_graphs": 0.18882203102111816
        }
    }
}