{
    "total_runtime": 3.543076992034912,
    "num_documents": 1,
    "input_load_time": 0,
    "workflows": {
        "create_base_text_units": {
            "overall": 0.25859785079956055,
            "0_orderby": 0.0008711814880371094,
            "1_zip": 0.0010118484497070312,
            "2_aggregate_override": 0.003152132034301758,
            "3_chunk": 0.23676705360412598,
            "4_select": 0.0011782646179199219,
            "5_unroll": 0.0022211074829101562,
            "6_rename": 0.0005519390106201172,
            "7_genid": 0.0010721683502197266,
            "8_unzip": 0.0011699199676513672,
            "9_copy": 0.00035691261291503906,
            "10_filter": 0.009752035140991211
        },
        "create_base_extracted_entities": {
            "overall": 0.1047828197479248,
            "0_entity_extract": 0.09604382514953613,
            "1_merge_graphs": 0.008424997329711914
        },
        "create_summarized_entities": {
            "overall": 0.04218316078186035,
            "0_summarize_descriptions": 0.04199099540710449
        },
        "create_base_entity_graph": {
            "overall": 0.043112993240356445,
            "0_cluster_graph": 0.04184603691101074,
            "1_select": 0.0009739398956298828
        },
        "create_final_entities": {
            "overall": 0.17168784141540527,
            "0_unpack_graph": 0.011684179306030273,
            "1_rename": 0.0007829666137695312,
            "2_select": 0.0009369850158691406,
            "3_dedupe": 0.0009300708770751953,
            "4_rename": 0.0006070137023925781,
            "5_filter": 0.0069119930267333984,
            "6_text_split": 0.0021648406982421875,
            "7_drop": 0.0007870197296142578,
            "8_merge": 0.021277189254760742,
            "9_text_embed": 0.11855602264404297,
            "10_drop": 0.0007569789886474609,
            "11_filter": 0.005826234817504883
        },
        "create_final_nodes": {
            "overall": 0.08683586120605469,
            "0_layout_graph": 0.04443502426147461,
            "1_unpack_graph": 0.010642290115356445,
            "2_unpack_graph": 0.008919000625610352,
            "3_drop": 0.0007228851318359375,
            "4_filter": 0.005232095718383789,
            "5_select": 0.0007660388946533203,
            "6_rename": 0.0005199909210205078,
            "7_convert": 0.004911184310913086,
            "8_join": 0.009376049041748047,
            "9_rename": 0.0008330345153808594
        },
        "create_final_communities": {
            "overall": 0.08793997764587402,
            "0_unpack_graph": 0.01213216781616211,
            "1_unpack_graph": 0.009541988372802734,
            "2_aggregate_override": 0.005623817443847656,
            "3_join": 0.009630918502807617,
            "4_join": 0.010262012481689453,
            "5_concat": 0.0008130073547363281,
            "6_filter": 0.014284133911132812,
            "7_aggregate_override": 0.004914045333862305,
            "8_join": 0.0084228515625,
            "9_filter": 0.0060520172119140625,
            "10_fill": 0.0006608963012695312,
            "11_merge": 0.0035440921783447266,
            "12_copy": 0.0006382465362548828,
            "13_select": 0.0007688999176025391
        },
        "join_text_units_to_entity_ids": {
            "overall": 0.007582902908325195,
            "0_select": 0.0016319751739501953,
            "1_unroll": 0.0024759769439697266,
            "2_aggregate_override": 0.0030210018157958984
        },
        "create_final_relationships": {
            "overall": 0.031297922134399414,
            "0_unpack_graph": 0.010119915008544922,
            "1_filter": 0.006272077560424805,
            "2_rename": 0.0007712841033935547,
            "3_filter": 0.004718780517578125,
            "4_drop": 0.0007240772247314453,
            "5_compute_edge_combined_degree": 0.006005048751831055,
            "6_convert": 0.0011661052703857422,
            "7_convert": 0.0010979175567626953
        },
        "join_text_units_to_relationship_ids": {
            "overall": 0.00847315788269043,
            "0_select": 0.0011053085327148438,
            "1_unroll": 0.0022819042205810547,
            "2_aggregate_override": 0.0036263465881347656,
            "3_select": 0.0010800361633300781
        },
        "create_final_community_reports": {
            "overall": 0.11384105682373047,
            "0_prepare_community_reports_nodes": 0.0037441253662109375,
            "1_prepare_community_reports_edges": 0.0024530887603759766,
            "2_restore_community_hierarchy": 0.005679130554199219,
            "3_prepare_community_reports": 0.08009910583496094,
            "4_create_community_reports": 0.02022719383239746,
            "5_window": 0.0010519027709960938
        },
        "create_final_text_units": {
            "overall": 0.017858028411865234,
            "0_select": 0.0007178783416748047,
            "1_rename": 0.0004668235778808594,
            "2_join": 0.007272958755493164,
            "3_join": 0.00569605827331543,
            "4_aggregate_override": 0.002740144729614258,
            "5_select": 0.0007028579711914062
        },
        "create_base_documents": {
            "overall": 0.019046783447265625,
            "0_unroll": 0.0019459724426269531,
            "1_select": 0.0006589889526367188,
            "2_rename": 0.0006532669067382812,
            "3_join": 0.006700038909912109,
            "4_aggregate_override": 0.0019867420196533203,
            "5_join": 0.005265951156616211,
            "6_rename": 0.0005469322204589844,
            "7_convert": 0.0009911060333251953
        },
        "create_final_documents": {
            "overall": 0.001096963882446289,
            "0_rename": 0.0007579326629638672
        }
    }
}